POINT_ID,SURVEY_EROSION_SIGNS,SURVEY_EROSION_SHEET,SURVEY_EROSION_SHEET_P,SURVEY_EROSION_SHEET_N,SURVEY_EROSION_SHEET_E,SURVEY_EROSION_SHEET_S,SURVEY_EROSION_SHEET_W,SURVEY_EROSION_SHEET_NR,SURVEY_EROSION_SHEET_N_DIST_M,SURVEY_EROSION_SHEET_E_DIST_M,SURVEY_EROSION_SHEET_S_DIST_M,SURVEY_EROSION_SHEET_W_DIST_M,SURVEY_EROSION_RILL,SURVEY_EROSION_RILL_P,SURVEY_EROSION_RILL_N,SURVEY_EROSION_RILL_E,SURVEY_EROSION_RILL_W,SURVEY_EROSION_RILL_S,SURVEY_EROSION_RILL_NR,SURVEY_EROSION_RILL_N_DIST_M,SURVEY_EROSION_RILL_E_DIST_M,SURVEY_EROSION_RILL_S_DIST_M,SURVEY_EROSION_RILL_W_DIST_M,SURVEY_EROSION_GULLY,SURVEY_EROSION_GULLY_P,SURVEY_EROSION_GULLY_N,SURVEY_EROSION_GULLY_E,SURVEY_EROSION_GULLY_S,SURVEY_EROSION_GULLY_W,SURVEY_EROSION_GULLY_NR,SURVEY_EROSION_GULLY_N_DIST_M,SURVEY_EROSION_GULLY_E_DIST_M,SURVEY_EROSION_GULLY_S_DIST_M,SURVEY_EROSION_GULLY_W_DIST_M,SURVEY_EROSION_MASS,SURVEY_EROSION_MASS_P,SURVEY_EROSION_MASS_N,SURVEY_EROSION_MASS_E,SURVEY_EROSION_MASS_S,SURVEY_EROSION_MASS_W,SURVEY_EROSION_MASS_NR,SURVEY_EROSION_MASS_N_DIST_M,SURVEY_EROSION_MASS_E_DIST_M,SURVEY_EROSION_MASS_S_DIST_M,SURVEY_EROSION_MASS_W_DIST_M,SURVEY_EROSION_DEP,SURVEY_EROSION_DEP_P,SURVEY_EROSION_DEP_N,SURVEY_EROSION_DEP_E,SURVEY_EROSION_DEP_S,SURVEY_EROSION_DEP_W,SURVEY_EROSION_DEP_NR,SURVEY_EROSION_DEP_N_DIST_M,SURVEY_EROSION_DEP_E_DIST_M,SURVEY_EROSION_DEP_S_DIST_M,SURVEY_EROSION_DEP_W_DIST_M,SURVEY_EROSION_WIND,SURVEY_EROSION_WIND_P,SURVEY_EROSION_WIND_N,SURVEY_EROSION_WIND_E,SURVEY_EROSION_WIND_S,SURVEY_EROSION_WIND_W,SURVEY_EROSION_WIND_NR,SURVEY_EROSION_WIND_N_DIST_M,SURVEY_EROSION_WIND_E_DIST_M,SURVEY_EROSION_WIND_S_DIST_M,SURVEY_EROSION_WIND_W_DIST_M,SURVEY_EROSION_RILLGULLY_N
37963072,1,,1,0,0,0,0,,,,,,,0,0,0,0,0,,,,,,,0,0,0,0,0,,,,,,,0,0,0,0,0,,,,,,,0,0,0,0,0,,,,,,,0,0,0,0,0,,,,,,
55762590,1,,,,,,,,25,0,10,0,,,,,,,,,,,,,,,,,,,,,,,,,,,,,,,,,,,,,,,,,,,,,,,,,,,,,,,,
64061606,1,,,,,,,,,,,,,,,,,,,,,,,,,,,,,,,,,,,0,0,0,0,,,,,,1,,,,,,,,,,,,,,,,,,,,,,,
26761786,1,,0,0,0,0,0,,,,,,,0,1,0,0,0,,300,,,,,0,0,0,0,0,,,,,,,0,0,0,0,0,,,,,,,0,0,0,0,0,,,,,,,0,0,0,0,0,,,,,,1
26881988,1,,1,0,0,0,0,,,,,,,0,0,0,0,0,,,,,,,0,0,0,0,0,,,,,,,0,0,0,0,0,,,,,,,0,0,0,0,0,,,,,,,0,0,1,0,0,,,20,,,
27281760,1,,0,0,0,0,0,,,,,,,0,0,0,1,0,,,,,200,,0,0,0,0,0,,,,,,,0,0,0,0,0,,,,,,,0,0,0,0,0,,,,,,,0,0,0,0,0,,,,,,1
27781794,1,,0,0,1,0,0,,,250,,,,0,0,1,0,0,,,300,,,,0,0,0,0,0,,,,,,,0,0,0,0,0,,,,,,,0,0,0,0,0,,,,,,,0,0,0,0,0,,,,,,3
27802116,1,,1,0,0,0,0,,,,,,,1,0,0,0,0,,,,,,,0,0,0,0,0,,,,,,,0,0,0,0,0,,,,,,,0,0,0,0,0,,,,,,,0,0,0,0,0,,,,,,1
27962388,1,,0,0,0,0,0,,,,,,,0,1,0,1,0,,29,,,29,,0,0,0,0,0,,,,,,,0,0,0,0,0,,,,,,,0,0,0,0,0,,,,,,,0,0,0,0,0,,,,,,1
27962424,1,,0,1,0,1,0,,5,,7,,,0,0,0,0,0,,,,,,,0,0,0,0,0,,,,,,,0,0,0,0,0,,,,,,,0,0,0,0,0,,,,,,,0,0,0,0,0,,,,,,
28082404,1,,0,0,0,0,0,,,,,,,0,0,0,0,1,,,,20,,,0,0,0,0,0,,,,,,,0,0,0,0,0,,,,,,,0,0,0,0,0,,,,,,,0,0,0,0,0,,,,,,1
28321780,1,,0,0,0,0,0,,,,,,,0,0,0,1,0,,,,,10,,0,0,0,0,0,,,,,,,0,0,0,0,0,,,,,,,0,0,0,0,0,,,,,,,0,0,0,0,0,,,,,,1
28401816,1,,0,0,0,0,0,,,,,,,0,1,0,0,1,,10,,10,,,1,0,0,0,0,,,,,,,0,0,0,0,0,,,,,,,0,0,0,0,0,,,,,,,0,0,0,0,0,,,,,,3
28442182,1,,0,0,0,1,0,,,,15,,,0,0,0,0,0,,,,,,,0,0,0,0,0,,,,,,,0,0,0,0,0,,,,,,,0,0,0,0,0,,,,,,,0,0,0,0,0,,,,,,
28482206,1,,0,1,1,0,0,,25,20,,,,0,0,0,0,0,,,,,,,0,0,0,0,0,,,,,,,0,0,0,0,0,,,,,,,0,0,0,0,0,,,,,,,0,0,0,0,0,,,,,,
28582198,1,,0,0,0,0,1,,,,,15,,0,0,0,0,0,,,,,,,0,0,0,0,0,,,,,,,0,0,0,0,0,,,,,,,0,0,0,0,0,,,,,,,0,0,0,0,0,,,,,,
28742016,1,,0,0,0,1,0,,,,40,,,0,0,0,0,0,,,,,,,0,0,0,0,0,,,,,,,0,0,0,0,0,,,,,,,0,0,0,0,0,,,,,,,0,0,0,0,0,,,,,,
28762162,1,,0,0,0,0,0,,,,,,,0,0,0,1,1,,,,8,6,,0,0,0,0,0,,,,,,,0,0,0,0,0,,,,,,,0,0,0,0,0,,,,,,,0,0,0,0,0,,,,,,1
28762198,1,,0,0,0,0,0,,,,,,,0,0,0,0,0,,,,,,,0,0,0,0,0,,,,,,,0,0,0,0,0,,,,,,,1,0,0,0,0,,,,,,,0,0,0,0,0,,,,,,
28782204,1,,0,0,1,1,1,,,5,5,6,,0,0,0,0,0,,,,,,,0,0,0,0,0,,,,,,,0,0,0,0,0,,,,,,,0,0,0,0,0,,,,,,,0,0,0,0,0,,,,,,
28801634,1,,0,0,0,0,0,,,,,,,0,0,0,0,0,,,,,,,0,0,0,1,0,,,,15,,,0,0,0,0,0,,,,,,,0,0,0,0,0,,,,,,,0,0,0,0,0,,,,,,1
28821992,1,,0,0,0,0,1,,,,,125,,0,0,0,0,0,,,,,,,0,0,0,0,0,,,,,,,0,0,0,0,0,,,,,,,0,0,0,0,0,,,,,,,0,0,0,0,0,,,,,,
28862294,1,,0,0,0,0,0,,,,,,,0,0,1,0,1,,,8,10,,,0,0,0,0,0,,,,,,,0,0,0,0,0,,,,,,,0,0,0,0,0,,,,,,,0,0,0,0,0,,,,,,1
28901640,1,,0,0,0,0,0,,,,,,,0,0,0,0,0,,,,,,,0,1,0,1,0,,5,,150,,,0,0,0,0,0,,,,,,,0,0,0,0,0,,,,,,,0,0,0,0,0,,,,,,1
28982012,1,,0,0,1,0,0,,,63,,,,0,0,0,0,0,,,,,,,0,0,0,0,0,,,,,,,0,0,0,0,0,,,,,,,0,0,0,0,0,,,,,,,0,0,0,0,0,,,,,,
29021648,1,,0,0,0,0,0,,,,,,,0,0,0,0,0,,,,,,,0,1,1,0,0,,220,70,,,,0,0,0,0,0,,,,,,,0,0,0,0,0,,,,,,,0,0,0,0,0,,,,,,1
29021666,1,,0,0,0,0,0,,,,,,,0,0,0,0,0,,,,,,,0,0,0,1,0,,,,80,,,0,0,0,0,0,,,,,,,0,0,0,0,0,,,,,,,0,0,0,0,0,,,,,,1
29041690,1,,0,0,1,0,0,,,22,,,,0,0,0,0,0,,,,,,,0,0,0,0,0,,,,,,,0,0,0,0,0,,,,,,,0,0,0,0,0,,,,,,,0,0,0,0,0,,,,,,
29082288,1,,0,0,0,0,0,,,,,,,0,0,1,0,0,,,80,,,,0,0,0,0,0,,,,,,,0,0,0,0,0,,,,,,,0,0,1,0,0,,,110,,,,0,0,0,0,0,,,,,,2
29122266,1,,0,0,0,0,0,,,,,,,0,0,0,0,0,,,,,,,0,0,0,0,0,,,,,,,0,0,0,0,0,,,,,,,0,0,0,0,0,,,,,,,0,0,0,0,0,,,,,,
29221700,1,,0,0,0,0,0,,,,,,,0,1,0,0,0,,25,,,,,0,0,0,0,0,,,,,,,0,0,0,0,0,,,,,,,0,0,0,0,0,,,,,,,0,0,0,0,0,,,,,,1
29221704,1,,0,0,0,0,0,,,,,,,0,0,0,0,0,,,,,,,0,0,0,1,0,,,,150,,,0,0,0,0,0,,,,,,,0,0,0,0,0,,,,,,,0,0,0,0,0,,,,,,1
29222168,1,,0,0,1,0,0,,,15,,,,0,0,1,0,0,,,15,,,,0,0,0,0,0,,,,,,,0,0,0,0,0,,,,,,,0,0,0,0,0,,,,,,,0,0,0,0,0,,,,,,1
29222176,1,,0,0,0,0,0,,,,,,,0,0,1,0,0,,,25,,,,0,0,0,0,0,,,,,,,0,0,0,0,0,,,,,,,0,0,0,0,0,,,,,,,0,0,0,0,0,,,,,,1
29261662,1,,0,0,0,0,0,,,,,,,0,0,0,0,0,,,,,,,0,0,1,1,0,,,200,240,,,0,0,0,0,0,,,,,,,0,0,0,0,0,,,,,,,0,0,0,0,0,,,,,,1
29321682,1,,0,0,0,0,0,,,,,,,0,1,0,0,0,,70,,,,,0,0,0,0,0,,,,,,,0,0,0,0,0,,,,,,,0,0,0,0,0,,,,,,,0,0,0,0,0,,,,,,1
29321686,1,,0,0,0,0,0,,,,,,,0,0,0,0,0,,,,,,,0,0,1,0,1,,,48,,55,,0,0,0,0,0,,,,,,,0,0,0,0,0,,,,,,,0,0,0,0,0,,,,,,1
29341684,1,,0,0,0,0,0,,,,,,,0,0,0,0,1,,,,20,,,0,0,0,0,0,,,,,,,0,0,0,0,0,,,,,,,0,0,0,0,0,,,,,,,0,0,0,0,0,,,,,,1
29342200,1,,0,1,0,0,0,,30,,,,,0,0,0,0,0,,,,,,,0,0,0,0,0,,,,,,,0,0,0,0,0,,,,,,,0,0,1,0,0,,,22,,,,0,0,0,0,0,,,,,,
29361700,1,,0,0,0,0,0,,,,,,,0,0,0,1,0,,,,,80,,0,0,0,0,0,,,,,,,0,0,0,0,0,,,,,,,0,0,0,0,0,,,,,,,0,0,0,0,0,,,,,,1
29441752,1,,0,0,0,0,1,,,,,200,,0,0,0,0,0,,,,,,,0,0,0,0,0,,,,,,,0,0,0,0,0,,,,,,,0,0,0,0,0,,,,,,,0,0,0,0,0,,,,,,
29462044,1,,0,1,0,0,0,,15,,,,,0,0,0,0,0,,,,,,,0,0,0,0,0,,,,,,,0,0,0,0,0,,,,,,,0,0,0,0,0,,,,,,,0,0,0,0,0,,,,,,
29482076,1,,0,0,0,0,0,,,,,,,0,1,0,0,0,,175,,,,,0,0,0,0,0,,,,,,,0,0,0,0,0,,,,,,,0,0,0,0,0,,,,,,,0,0,0,0,0,,,,,,1
29501736,1,,0,0,0,0,0,,,,,,,0,0,1,0,0,,,80,,,,0,0,0,0,0,,,,,,,0,0,0,0,0,,,,,,,0,0,0,0,0,,,,,,,0,0,0,0,0,,,,,,1
29561652,1,,0,0,0,0,0,,,,,,,0,0,0,0,0,,,,,,,0,0,0,0,0,,,,,,,0,1,0,0,1,,40,,,60,,0,0,0,0,0,,,,,,,0,0,0,0,0,,,,,,
29582266,1,,1,0,0,0,0,,,,,,,0,0,0,0,0,,,,,,,0,0,0,0,0,,,,,,,0,0,0,0,0,,,,,,,0,0,0,0,0,,,,,,,0,0,0,0,0,,,,,,
29621680,1,,0,0,0,0,0,,,,,,,0,0,0,0,0,,,,,,,0,1,0,0,0,,200,,,,,0,0,0,0,0,,,,,,,0,0,0,0,0,,,,,,,0,0,0,0,0,,,,,,1
29662216,1,,1,0,0,0,0,,,,,,,0,0,0,0,0,,,,,,,0,0,0,0,0,,,,,,,0,0,0,0,0,,,,,,,0,0,0,0,0,,,,,,,0,0,0,0,0,,,,,,
29681740,1,,0,1,0,1,0,,100,,100,,,0,0,0,0,0,,,,,,,0,0,0,0,0,,,,,,,0,0,0,0,0,,,,,,,0,0,0,0,0,,,,,,,0,0,0,0,0,,,,,,
29722262,1,,1,0,0,0,0,,,,,,,0,0,0,0,0,,,,,,,0,0,0,0,0,,,,,,,0,0,0,0,0,,,,,,,0,0,0,0,0,,,,,,,0,0,0,0,0,,,,,,
29801730,1,,0,0,0,0,0,,,,,,,0,0,0,0,1,,,,10,,,0,0,0,0,0,,,,,,,0,0,0,0,0,,,,,,,0,0,0,0,0,,,,,,,0,0,0,0,0,,,,,,1
29802264,1,,0,0,1,0,0,,,10,,,,0,0,0,0,0,,,,,,,0,0,0,0,0,,,,,,,0,0,0,0,0,,,,,,,0,0,0,0,0,,,,,,,0,0,0,0,0,,,,,,
29882020,1,,0,0,0,0,0,,,,,,,0,0,0,0,0,,,,,,,0,0,0,1,0,,,,46,,,0,0,0,0,0,,,,,,,0,0,0,0,0,,,,,,,0,0,0,0,0,,,,,,1
29942222,1,,1,0,0,0,0,,,,,,,0,0,0,0,0,,,,,,,0,0,0,0,0,,,,,,,0,0,0,0,0,,,,,,,1,0,0,0,0,,,,,,,0,0,0,0,0,,,,,,
29961684,1,,0,0,0,0,0,,,,,,,0,0,1,0,0,,,10,,,,0,0,0,0,0,,,,,,,0,0,0,0,0,,,,,,,0,0,0,0,0,,,,,,,0,0,0,0,0,,,,,,1
29981716,1,,0,0,0,0,0,,,,,,,0,0,0,0,0,,,,,,,0,0,1,0,0,,,60,,,,0,0,0,0,0,,,,,,,0,0,0,0,0,,,,,,,0,0,0,0,0,,,,,,1
29982180,1,,0,0,0,0,1,,,,,100,,0,0,0,0,0,,,,,,,0,0,0,0,0,,,,,,,0,0,0,0,0,,,,,,,0,0,0,0,0,,,,,,,0,0,0,0,0,,,,,,
30001738,1,,0,0,0,0,0,,,,,,,0,0,0,0,0,,,,,,,0,0,1,1,0,,,300,275,,,0,0,0,0,0,,,,,,,0,0,0,0,0,,,,,,,0,0,0,0,0,,,,,,1
30002236,1,,1,0,0,0,0,,,,,,,0,0,0,0,0,,,,,,,0,0,0,0,1,,,,,200,,0,0,0,0,0,,,,,,,0,0,0,0,0,,,,,,,0,0,0,0,0,,,,,,1
30041718,1,,0,0,0,0,0,,,,,,,0,0,0,0,0,,,,,,,0,0,1,0,0,,,5,,,,0,0,0,0,0,,,,,,,0,0,0,0,0,,,,,,,0,0,0,0,0,,,,,,1
30061684,1,,0,0,0,0,0,,,,,,,0,0,1,0,0,,,100,,,,0,0,0,0,0,,,,,,,0,0,0,0,0,,,,,,,0,0,0,0,0,,,,,,,0,0,0,0,0,,,,,,1
30061750,1,,0,0,0,0,0,,,,,,,0,0,0,0,0,,,,,,,0,0,0,0,1,,,,,65,,0,0,0,0,0,,,,,,,0,0,0,0,0,,,,,,,0,0,0,0,0,,,,,,1
30062344,1,,0,0,0,0,0,,,,,,,0,0,0,0,0,,,,,,,0,1,0,1,1,,300,,100,100,,0,0,0,0,0,,,,,,,0,0,0,0,0,,,,,,,0,0,0,0,0,,,,,,2
30081718,1,,0,1,0,0,0,,25,,,,,0,0,0,0,0,,,,,,,0,0,0,0,0,,,,,,,0,0,0,0,0,,,,,,,0,0,0,0,0,,,,,,,0,0,0,0,0,,,,,,
30081758,1,,0,0,0,1,0,,,,100,,,0,0,0,0,0,,,,,,,0,0,0,0,0,,,,,,,0,0,0,0,0,,,,,,,0,0,0,0,0,,,,,,,0,0,0,0,0,,,,,,
30101810,1,,,,,,,,,,,,,,,,,,,,,,,,,1,,,,,22,,,,,,,,,,,,,,,,,,,,,,,,,,,,,,,,,,,,,1
30102228,1,,1,0,0,0,0,,,,,,,0,0,0,0,0,,,,,,,0,0,0,0,0,,,,,,,0,0,0,0,0,,,,,,,0,0,0,0,0,,,,,,,0,0,0,0,0,,,,,,
30121722,1,,0,0,0,0,0,,,,,,,0,0,0,0,0,,,,,,,0,0,0,1,0,,,,40,,,0,0,0,0,0,,,,,,,0,0,0,0,0,,,,,,,0,0,0,0,0,,,,,,1
30141756,1,,0,0,0,0,0,,,,,,,0,0,0,0,0,,,,,,,0,0,0,1,0,,,,100,,,0,0,0,0,0,,,,,,,0,0,0,0,0,,,,,,,0,0,0,0,0,,,,,,1
30161748,1,,0,0,0,0,0,,,,,,,0,0,0,0,0,,,,,,,0,0,1,0,0,,,70,,,,0,0,0,0,0,,,,,,,0,0,0,0,0,,,,,,,0,0,0,0,0,,,,,,1
30161760,1,,0,0,0,0,0,,,,,,,0,0,0,0,0,,,,,,,0,0,1,1,1,,,200,60,150,,0,0,0,0,0,,,,,,,0,0,0,0,0,,,,,,,0,0,0,0,0,,,,,,1
30161932,1,,0,0,1,0,0,,,100,,,,0,0,0,0,0,,,,,,,0,0,0,0,0,,,,,,,0,0,0,0,0,,,,,,,0,0,0,0,0,,,,,,,0,0,0,0,0,,,,,,
30181738,1,,0,0,0,0,0,,,,,,,0,0,0,0,0,,,,,,,0,0,0,0,1,,,,,80,,0,0,0,0,0,,,,,,,0,0,0,0,0,,,,,,,0,0,0,0,0,,,,,,1
30201748,1,,0,0,0,0,0,,,,,,,0,0,0,0,0,,,,,,,0,0,0,0,0,,,,,,,0,0,0,0,0,,,,,,,1,0,0,0,1,,,,,5,,0,0,0,0,0,,,,,,
30202314,1,,1,0,1,1,0,,,15,10,,,0,0,0,0,0,,,,,,,0,0,0,0,0,,,,,,,0,0,0,0,0,,,,,,,0,0,0,0,0,,,,,,,0,0,0,0,0,,,,,,
30202338,1,,0,0,0,1,0,,,,200,,,0,0,0,0,0,,,,,,,0,0,0,0,0,,,,,,,0,0,0,0,0,,,,,,,0,0,0,0,0,,,,,,,0,0,0,0,0,,,,,,
30221758,1,,0,1,0,0,0,,20,,,,,0,0,0,0,0,,,,,,,0,0,0,0,0,,,,,,,0,0,0,0,0,,,,,,,0,0,0,0,0,,,,,,,0,0,0,0,0,,,,,,
30221862,1,,0,0,0,0,0,,,,,,,0,0,0,0,0,,,,,,,0,0,1,0,0,,,20,,,,0,0,0,0,0,,,,,,,0,0,0,0,0,,,,,,,0,0,0,0,0,,,,,,1
30241684,1,,0,0,1,0,0,,,20,,,,0,0,0,0,0,,,,,,,0,0,0,0,0,,,,,,,0,0,0,0,0,,,,,,,0,0,0,0,0,,,,,,,0,0,0,0,0,,,,,,
30241688,1,,0,0,0,0,1,,,,,250,,0,0,0,0,0,,,,,,,0,0,0,0,0,,,,,,,0,0,0,0,0,,,,,,,0,0,0,0,0,,,,,,,0,0,0,0,0,,,,,,
30262322,1,,0,0,0,1,0,,,,40,,,0,0,0,0,0,,,,,,,0,0,0,0,0,,,,,,,0,0,0,0,0,,,,,,,0,0,0,0,0,,,,,,,0,0,0,0,0,,,,,,
30281804,1,,0,0,0,0,0,,,,,,,0,0,0,0,0,,,,,,,0,1,0,1,0,,120,,100,,,0,0,0,0,0,,,,,,,0,0,0,0,0,,,,,,,0,0,0,0,0,,,,,,2
30282228,1,,0,0,0,0,0,,,,,,,0,0,0,0,0,,,,,,,0,0,0,0,1,,,,,20,,0,0,0,0,0,,,,,,,0,0,0,0,0,,,,,,,0,0,0,0,0,,,,,,1
30301704,1,,0,0,0,0,0,,,,,,,0,0,0,0,0,,,,,,,0,1,0,0,0,,25,,,,,0,0,0,0,0,,,,,,,0,0,0,0,0,,,,,,,0,0,0,0,0,,,,,,1
30362206,1,,0,1,1,0,0,,80,70,,,,0,0,0,0,0,,,,,,,0,0,0,0,0,,,,,,,0,0,0,0,0,,,,,,,0,0,0,0,0,,,,,,,0,0,0,0,0,,,,,,
30381762,1,,0,1,0,0,0,,5,,,,,0,1,0,0,0,,50,,,,,0,0,0,0,0,,,,,,,0,0,0,0,0,,,,,,,0,0,0,0,0,,,,,,,0,0,0,0,0,,,,,,1
30382162,1,,0,0,0,0,0,,,,,,,1,1,1,1,1,,2,10,15,5,,0,0,0,0,0,,,,,,,0,0,0,0,0,,,,,,,0,0,1,1,0,,,100,100,,,0,0,0,0,0,,,,,,3
30401728,1,,0,0,0,0,0,,,,,,,0,1,0,0,0,,10,,,,,0,0,0,0,0,,,,,,,0,0,0,0,0,,,,,,,0,0,0,0,0,,,,,,,0,0,0,0,0,,,,,,1
30402322,1,,1,0,0,1,1,,,,125,135,,0,0,0,0,0,,,,,,,0,0,0,0,0,,,,,,,0,0,0,0,0,,,,,,,0,0,0,0,0,,,,,,,0,0,0,0,0,,,,,,
30482334,1,,1,1,1,1,1,,0,75,0,0,,0,0,0,0,0,,,,,,,0,0,0,0,0,,,,,,,0,0,0,0,0,,,,,,,0,0,0,0,0,,,,,,,0,0,0,0,0,,,,,,
30483396,1,,0,0,0,0,0,,,,,,,0,0,0,0,0,,,,,,,0,0,0,0,0,,,,,,,0,0,0,0,1,,,,,40,,0,0,0,0,0,,,,,,,0,0,0,0,0,,,,,,
30521698,1,,0,0,0,0,0,,,,,,,0,0,0,0,0,,,,,,,0,1,1,0,0,,40,40,,,,0,0,0,0,0,,,,,,,0,0,0,0,0,,,,,,,0,0,0,0,0,,,,,,1
30521752,1,,0,0,0,0,0,,,,,,,0,0,0,0,1,,,,15,,,0,0,0,0,0,,,,,,,0,0,0,0,0,,,,,,,0,0,0,0,0,,,,,,,0,0,0,0,0,,,,,,1
30521788,1,,0,0,0,0,0,,,,,,,0,0,0,0,0,,,,,,,0,0,1,0,1,,,90,,70,,0,0,0,0,0,,,,,,,0,0,0,0,0,,,,,,,0,0,0,0,0,,,,,,1
30541756,1,,0,0,0,0,0,,,,,,,0,0,0,0,1,,,,25,,,0,0,0,0,0,,,,,,,0,0,0,0,0,,,,,,,0,0,0,0,0,,,,,,,0,0,0,0,0,,,,,,1
30562224,1,,1,1,0,1,1,,15,,5,15,,0,0,0,0,0,,,,,,,0,0,0,0,0,,,,,,,0,0,0,0,0,,,,,,,0,0,0,0,0,,,,,,,0,0,0,0,0,,,,,,
30562256,1,,0,0,0,1,0,,,,57,,,0,0,0,0,0,,,,,,,0,0,0,0,0,,,,,,,0,0,0,0,0,,,,,,,0,0,0,1,0,,,,55,,,0,0,0,0,0,,,,,,
30621700,1,,0,0,0,0,0,,,,,,,0,0,0,0,0,,,,,,,0,1,0,0,0,,10,,,,,0,0,0,0,0,,,,,,,0,0,0,0,0,,,,,,,0,0,0,0,0,,,,,,1
30621728,1,,0,0,0,0,0,,,,,,,0,0,1,0,0,,,50,,,,0,0,1,1,0,,,20,20,,,0,0,0,0,0,,,,,,,0,0,0,0,0,,,,,,,0,0,0,0,0,,,,,,1
30621754,1,,0,0,0,0,0,,,,,,,0,0,0,1,1,,,,6,50,,0,0,0,0,0,,,,,,,0,0,0,0,0,,,,,,,0,0,0,0,0,,,,,,,0,0,0,0,0,,,,,,1
30621772,1,,0,0,0,0,0,,,,,,,0,0,0,0,0,,,,,,,0,0,0,1,0,,,,230,,,0,0,0,0,0,,,,,,,0,0,0,0,0,,,,,,,0,0,0,0,0,,,,,,1
30682344,1,,1,0,1,0,0,,,10,,,,0,0,1,0,0,,,300,,,,0,0,0,0,0,,,,,,,0,0,0,0,0,,,,,,,0,0,0,0,0,,,,,,,0,0,0,0,0,,,,,,1
30701712,1,,0,0,0,0,0,,,,,,,0,0,0,0,0,,,,,,,0,0,1,0,0,,,100,,,,0,0,0,0,0,,,,,,,0,0,0,0,0,,,,,,,0,0,0,0,0,,,,,,1
30743386,1,,0,0,0,0,1,,,,,20,,0,0,0,0,0,,,,,,,0,0,0,0,0,,,,,,,0,0,0,0,0,,,,,,,0,0,0,0,0,,,,,,,0,0,0,0,0,,,,,,
30781768,1,,0,1,1,1,1,,10,10,10,10,,0,0,0,0,0,,,,,,,0,0,0,0,0,,,,,,,0,0,0,0,0,,,,,,,0,0,0,0,0,,,,,,,0,0,0,0,0,,,,,,
30801772,1,,0,0,0,0,0,,,,,,,0,1,1,1,0,,10,20,,20,,0,0,0,0,0,,,,,,,0,0,0,0,0,,,,,,,0,0,0,0,0,,,,,,,0,0,0,0,0,,,,,,2
30802172,1,,1,1,1,1,1,,40,40,50,30,,0,0,0,0,0,,,,,,,0,0,0,0,0,,,,,,,0,0,0,0,0,,,,,,,0,0,0,0,0,,,,,,,0,0,0,0,0,,,,,,
30802214,1,,0,1,0,0,0,,20,,,,,0,0,0,0,0,,,,,,,0,0,0,0,0,,,,,,,0,0,0,0,0,,,,,,,0,0,0,0,0,,,,,,,0,0,0,0,0,,,,,,
30842244,1,,0,0,0,0,1,,,,,53,,0,0,0,0,0,,,,,,,0,0,0,0,0,,,,,,,0,0,0,0,0,,,,,,,0,0,0,0,1,,,,,55,,0,0,0,0,0,,,,,,
30842262,1,,0,0,0,0,0,,,,,,,0,0,0,0,0,,,,,,,0,0,0,0,0,,,,,,,0,0,0,0,0,,,,,,,0,0,0,0,0,,,,,,,0,0,0,0,0,,,,,,
30862182,1,,0,0,0,0,0,,,,,,,1,1,1,1,1,,1,2,1,2,,0,0,0,0,0,,,,,,,0,0,0,0,0,,,,,,,0,0,0,0,0,,,,,,,0,0,0,0,0,,,,,,1
30881748,1,,0,0,0,0,0,,,,,,,0,0,0,0,0,,,,,,,0,1,0,0,1,,20,,,45,,0,0,0,0,0,,,,,,,0,0,0,0,0,,,,,,,0,0,0,0,0,,,,,,1
30881760,1,,0,0,0,0,0,,,,,,,0,0,0,0,0,,,,,,,0,0,0,0,1,,,,,100,,0,0,0,0,0,,,,,,,0,0,0,0,0,,,,,,,0,0,0,0,0,,,,,,1
30902236,1,,0,1,0,0,0,,40,,,,,0,0,0,0,0,,,,,,,0,0,0,0,0,,,,,,,0,0,0,0,0,,,,,,,0,1,0,0,0,,40,,,,,0,0,0,0,0,,,,,,
30941754,1,,0,0,0,0,0,,,,,,,0,0,0,0,0,,,,,,,0,1,1,0,0,,55,80,,,,0,0,0,0,0,,,,,,,0,0,0,0,0,,,,,,,0,0,0,0,0,,,,,,1
30942114,1,,1,0,0,0,0,,,,,,,1,0,0,0,0,,,,,,,0,0,0,0,0,,,,,,,0,0,0,0,0,,,,,,,0,0,0,0,0,,,,,,,0,0,0,0,0,,,,,,1
30942168,1,,0,0,0,0,0,,,,,,,0,0,0,0,0,,,,,,,0,0,0,0,0,,,,,,,0,0,0,0,0,,,,,,,0,0,0,1,0,,,,15,,,0,0,0,0,0,,,,,,
30961768,1,,0,0,0,0,0,,,,,,,0,0,0,0,0,,,,,,,0,0,0,1,0,,,,20,,,0,0,0,0,0,,,,,,,0,0,0,0,0,,,,,,,0,0,0,0,0,,,,,,1
30981646,1,,0,0,0,0,0,,,,,,,0,0,0,0,0,,,,,,,0,0,1,1,0,,,10,50,,,0,0,0,0,0,,,,,,,0,0,0,0,0,,,,,,,0,0,0,0,0,,,,,,1
31002188,1,,0,0,0,0,0,,,,,,,0,0,0,0,0,,,,,,,0,0,0,0,1,,,,,55,,0,0,0,0,0,,,,,,,0,0,0,0,0,,,,,,,0,0,0,0,0,,,,,,2
31021664,1,,0,0,0,0,0,,,,,,,0,0,0,0,0,,,,,,,0,1,0,0,0,,20,,,,,0,0,0,0,0,,,,,,,0,0,0,0,0,,,,,,,0,0,0,0,0,,,,,,1
31022194,1,,0,0,0,0,0,,,,,,,1,1,1,1,1,,2,2,1,3,,0,0,0,0,0,,,,,,,0,0,0,0,0,,,,,,,0,0,0,0,0,,,,,,,0,0,0,0,0,,,,,,3
31042182,1,,0,0,1,0,0,,,30,,,,0,0,0,0,0,,,,,,,0,0,0,0,0,,,,,,,0,0,0,0,0,,,,,,,0,0,0,0,0,,,,,,,0,0,0,0,0,,,,,,
31061644,1,,0,0,0,0,0,,,,,,,0,0,0,0,0,,,,,,,1,0,0,0,0,,,,,,,0,0,0,0,0,,,,,,,0,0,0,0,0,,,,,,,0,0,0,0,0,,,,,,1
31061706,1,,0,0,0,0,0,,,,,,,0,0,0,0,0,,,,,,,0,1,0,0,0,,20,,,,,0,0,0,0,0,,,,,,,0,0,0,0,0,,,,,,,0,0,0,0,0,,,,,,1
31081642,1,,0,0,0,0,0,,,,,,,0,0,0,0,0,,,,,,,0,0,0,0,1,,,,,60,,0,0,0,0,0,,,,,,,0,0,0,0,0,,,,,,,0,0,0,0,0,,,,,,1
31081710,1,,0,0,0,0,0,,,,,,,1,0,0,1,1,,,,10,10,,0,0,0,0,0,,,,,,,0,0,0,0,0,,,,,,,0,0,0,0,0,,,,,,,0,0,0,0,0,,,,,,1
31121740,1,,1,0,0,0,0,,,,,,,1,0,0,0,0,,,,,,,0,0,0,0,0,,,,,,,0,0,0,0,0,,,,,,,0,0,0,0,0,,,,,,,0,0,0,0,0,,,,,,1
31141652,1,,0,0,0,0,0,,,,,,,0,0,0,0,1,,,,50,,,0,0,0,1,0,,,,80,,,0,0,0,0,0,,,,,,,0,0,0,0,0,,,,,,,0,0,0,0,0,,,,,,1
31142296,1,,0,0,0,0,0,,,,,,,0,0,0,0,0,,,,,,,0,0,0,0,0,,,,,,,0,0,0,0,0,,,,,,,0,0,1,0,0,,,15,,,,0,0,0,0,0,,,,,,
31161740,1,,0,0,0,0,0,,,,,,,0,0,0,0,0,,,,,,,0,0,1,0,0,,,40,,,,0,0,0,0,0,,,,,,,0,0,0,0,0,,,,,,,0,0,0,0,0,,,,,,1
31162010,1,,0,1,0,0,0,,5,,,,,0,0,0,0,0,,,,,,,0,0,0,0,0,,,,,,,0,0,0,0,0,,,,,,,0,0,0,0,0,,,,,,,0,0,0,0,0,,,,,,
31181796,1,,0,0,0,0,0,,,,,,,0,0,0,0,0,,,,,,,1,0,0,0,0,,,,,,,0,0,0,0,0,,,,,,,0,0,0,0,0,,,,,,,0,0,0,0,0,,,,,,1
31201772,1,,0,0,0,0,0,,,,,,,1,0,0,0,0,,,,,,,0,0,0,0,0,,,,,,,0,0,0,0,0,,,,,,,0,0,0,0,0,,,,,,,0,0,0,0,0,,,,,,1
31222178,1,,1,0,0,0,1,,,,,150,,0,0,0,0,0,,,,,,,0,0,0,0,0,,,,,,,0,0,0,0,0,,,,,,,0,0,0,0,0,,,,,,,0,0,0,0,0,,,,,,
31261756,1,,1,0,1,0,1,,,10,,10,,0,0,0,0,0,,,,,,,0,0,0,0,1,,,,,25,,0,0,0,0,0,,,,,,,0,0,0,0,0,,,,,,,0,0,0,0,0,,,,,,1
31262268,1,,0,1,0,0,0,,30,,,,,0,0,0,0,0,,,,,,,0,0,0,0,0,,,,,,,0,0,0,0,0,,,,,,,0,1,0,0,0,,30,,,,,0,0,0,0,0,,,,,,
31281644,1,,0,0,0,0,0,,,,,,,0,0,0,0,0,,,,,,,0,0,0,1,1,,,,80,20,,0,0,0,0,0,,,,,,,0,0,0,0,0,,,,,,,0,0,0,0,0,,,,,,1
31281680,1,,0,0,0,0,0,,,,,,,0,0,0,0,0,,,,,,,0,0,1,0,1,,,10,,25,,0,0,0,0,0,,,,,,,0,0,0,0,0,,,,,,,0,0,0,0,0,,,,,,1
31281744,1,,1,1,1,1,1,,10,10,10,10,,0,1,0,0,0,,20,,,,,0,0,0,0,0,,,,,,,0,0,0,0,0,,,,,,,0,0,0,0,0,,,,,,,0,0,0,0,0,,,,,,1
31281834,1,,0,0,0,0,0,,,,,,,0,0,0,0,0,,,,,,,0,0,0,1,1,,,,100,80,,0,0,0,0,0,,,,,,,0,0,0,0,0,,,,,,,0,0,0,0,0,,,,,,1
31321630,1,,0,0,0,0,1,,,,,2,,0,0,0,0,0,,,,,,,0,0,1,0,1,,,55,,100,,0,0,0,0,0,,,,,,,0,0,0,0,0,,,,,,,0,0,0,0,0,,,,,,1
31321796,1,,0,0,0,0,0,,,,,,,0,0,0,0,0,,,,,,,0,0,1,0,0,,,3,,,,0,0,0,0,0,,,,,,,0,0,0,0,0,,,,,,,0,0,0,0,0,,,,,,1
31341974,1,,1,1,1,1,1,,1,1,1,1,,0,0,0,0,0,,,,,,,0,0,0,0,0,,,,,,,0,0,0,0,0,,,,,,,0,0,0,0,0,,,,,,,1,1,1,1,1,,1,1,1,1,
31381772,1,,0,0,0,0,0,,,,,,,0,0,0,0,0,,,,,,,0,0,1,0,0,,,90,,,,0,0,0,0,0,,,,,,,0,0,0,0,0,,,,,,,0,0,0,0,0,,,,,,1
31401756,1,,0,0,0,0,0,,,,,,,0,0,0,0,0,,,,,,,0,0,0,0,1,,,,,50,,0,0,0,0,0,,,,,,,0,0,0,0,0,,,,,,,0,0,0,0,0,,,,,,1
31402062,1,,0,0,1,1,1,,,30,20,15,,0,0,0,0,0,,,,,,,0,0,0,0,0,,,,,,,0,0,0,0,0,,,,,,,0,0,0,0,0,,,,,,,0,0,0,0,0,,,,,,
31421770,1,,0,0,0,0,0,,,,,,,0,0,0,0,0,,,,,,,0,1,1,0,0,,70,100,,,,0,0,0,0,0,,,,,,,0,0,0,0,0,,,,,,,0,0,0,0,0,,,,,,1
31442164,1,,0,0,0,0,0,,,,,,,0,0,0,0,0,,,,,,,0,0,0,0,0,,,,,,,0,1,0,0,0,,120,,,,,0,0,0,0,0,,,,,,,0,0,0,0,0,,,,,,
31462270,1,,1,1,1,1,1,,1,1,1,1,,0,0,0,0,0,,,,,,,0,0,0,0,0,,,,,,,1,1,1,1,1,,1,1,1,1,,1,1,1,1,1,,1,1,1,1,,0,0,0,0,0,,,,,,
31481710,1,,0,0,0,0,0,,,,,,,0,0,0,0,0,,,,,,,0,1,0,0,0,,150,,,,,0,0,0,0,0,,,,,,,0,0,0,0,0,,,,,,,0,0,0,0,0,,,,,,1
31501666,1,,0,0,0,0,0,,,,,,,0,0,0,0,0,,,,,,,0,0,0,1,0,,,,100,,,0,0,0,0,0,,,,,,,0,0,0,0,0,,,,,,,0,0,0,0,0,,,,,,1
31501756,1,,0,0,0,0,0,,,,,,,0,0,0,0,0,,,,,,,0,0,0,0,1,,,,,90,,0,0,0,0,0,,,,,,,0,0,0,0,0,,,,,,,0,0,0,0,0,,,,,,1
31502156,1,,0,0,0,0,0,,,,,,,0,0,0,0,0,,,,,,,0,1,0,0,0,,110,,,,,0,0,0,0,0,,,,,,,0,0,0,0,0,,,,,,,0,0,0,0,0,,,,,,2
31502164,1,,0,0,0,0,0,,,,,,,0,0,0,0,0,,,,,,,0,0,0,0,0,,,,,,,0,1,0,1,0,,20,,20,,,0,0,0,0,0,,,,,,,0,0,0,0,0,,,,,,
31522114,1,,0,0,0,0,0,,,,,,,0,1,1,0,1,,1,5,1,,,0,0,0,0,0,,,,,,,0,0,0,0,0,,,,,,,0,0,0,0,0,,,,,,,0,0,0,0,0,,,,,,1
31522244,1,,0,0,0,0,0,,,,,,,0,1,0,0,0,,20,,,,,0,0,0,0,0,,,,,,,0,0,0,0,0,,,,,,,0,1,0,0,0,,5,,,,,0,0,0,0,0,,,,,,1
31541666,1,,0,0,0,0,0,,,,,,,0,0,0,0,0,,,,,,,0,0,1,0,0,,,15,,,,0,0,0,0,0,,,,,,,0,0,0,0,0,,,,,,,0,0,0,0,0,,,,,,1
31542174,1,,0,0,0,0,1,,,,,100,,0,0,0,0,0,,,,,,,0,0,0,0,0,,,,,,,0,0,0,0,0,,,,,,,0,0,0,0,0,,,,,,,0,0,0,0,0,,,,,,
31601964,1,,0,0,0,0,0,,,,,,,0,0,0,1,0,,,,,25,,0,0,0,0,0,,,,,,,0,0,0,0,0,,,,,,,0,0,0,0,0,,,,,,,0,0,0,0,0,,,,,,1
31621678,1,,0,0,0,0,0,,,,,,,0,0,0,0,0,,,,,,,0,0,1,0,0,,,45,,,,0,0,0,0,0,,,,,,,0,0,0,0,0,,,,,,,0,0,0,0,0,,,,,,1
31621696,1,,0,0,0,0,0,,,,,,,0,0,0,0,0,,,,,,,0,1,0,0,0,,60,,,,,0,0,0,0,0,,,,,,,0,0,0,0,0,,,,,,,0,0,0,0,0,,,,,,1
31641698,1,,0,0,0,0,0,,,,,,,0,0,0,0,0,,,,,,,0,1,0,0,0,,120,,,,,0,0,0,0,0,,,,,,,0,0,0,0,0,,,,,,,0,0,0,0,0,,,,,,1
31642112,1,,0,0,0,0,0,,,,,,,0,0,0,0,0,,,,,,,0,0,0,0,0,,,,,,,0,0,1,1,0,,,10,20,,,0,0,0,0,0,,,,,,,0,0,0,0,0,,,,,,
31661740,1,,0,0,0,0,0,,,,,,,0,0,0,0,1,,,,2,,,0,0,0,0,0,,,,,,,0,0,0,0,0,,,,,,,0,0,0,0,0,,,,,,,0,0,0,0,0,,,,,,1
31721774,1,,0,0,0,0,0,,,,,,,0,0,0,0,0,,,,,,,0,0,1,0,0,,,50,,,,0,0,0,0,0,,,,,,,0,0,0,0,0,,,,,,,0,0,0,0,0,,,,,,1
31722120,1,,0,0,0,0,0,,,,,,,0,0,0,0,0,,,,,,,0,1,0,1,1,,15,,25,15,,0,0,0,0,0,,,,,,,0,0,0,0,0,,,,,,,0,0,0,0,0,,,,,,1
31741758,1,,1,0,0,0,0,,,,,,,0,0,0,0,0,,,,,,,0,1,0,0,1,,20,,,25,,0,0,0,0,0,,,,,,,0,0,0,0,0,,,,,,,0,0,0,0,0,,,,,,2
31742118,1,,0,0,0,0,0,,,,,,,0,0,1,0,0,,,50,,,,0,0,0,0,0,,,,,,,0,0,0,0,0,,,,,,,0,0,0,0,0,,,,,,,0,0,0,0,0,,,,,,1
31742198,1,,0,0,1,0,0,,,115,,,,0,0,0,0,0,,,,,,,0,0,0,0,0,,,,,,,0,0,0,0,0,,,,,,,0,0,0,0,0,,,,,,,0,0,0,0,0,,,,,,
31742208,1,,0,0,0,1,0,,,,30,,,0,0,0,0,1,,,,30,,,0,0,0,0,0,,,,,,,0,0,0,0,0,,,,,,,0,0,0,0,0,,,,,,,0,0,0,0,0,,,,,,1
31761666,1,,0,0,0,0,0,,,,,,,0,0,0,0,0,,,,,,,0,1,0,0,1,,10,,,50,,0,0,0,0,0,,,,,,,0,0,0,0,0,,,,,,,0,0,0,0,0,,,,,,1
31781658,1,,0,0,0,0,0,,,,,,,0,0,0,0,0,,,,,,,0,0,0,0,1,,,,,10,,0,0,0,0,0,,,,,,,0,0,0,0,0,,,,,,,0,0,0,0,0,,,,,,1
31801764,1,,0,0,0,0,0,,,,,,,0,0,0,0,0,,,,,,,0,0,1,0,0,,,200,,,,0,0,0,0,0,,,,,,,0,0,0,0,0,,,,,,,0,0,0,0,0,,,,,,1
31821654,1,,0,0,0,0,0,,,,,,,0,0,0,0,0,,,,,,,0,0,0,1,0,,,,10,,,0,0,0,0,0,,,,,,,0,0,0,0,0,,,,,,,0,0,0,0,0,,,,,,1
31822144,1,,0,0,0,0,0,,,,,,,0,0,0,0,0,,,,,,,0,0,0,0,0,,,,,,,0,0,0,0,0,,,,,,,0,1,0,0,1,,15,,,20,,0,0,0,0,0,,,,,,
31842150,1,,0,0,0,0,0,,,,,,,0,0,0,0,0,,,,,,,0,0,0,0,0,,,,,,,0,0,0,0,1,,,,,5,,0,0,0,0,0,,,,,,,0,0,0,0,0,,,,,,
31842298,1,,1,0,0,0,0,,,,,,,0,0,0,0,0,,,,,,,0,0,0,0,0,,,,,,,0,0,0,0,0,,,,,,,0,0,0,0,0,,,,,,,0,0,0,0,0,,,,,,
31862206,1,,,,,,,,,,,,,,,,,,,,,,,,,,,,,,,,,,,,,,,,,,,,,,1,,,,,,,,,,,,,,,,,,,,,
31901678,1,,0,0,0,0,0,,,,,,,0,0,0,0,0,,,,,,,0,0,1,0,1,,,5,,5,,0,0,0,0,0,,,,,,,0,0,0,0,0,,,,,,,0,0,0,0,0,,,,,,1
31921676,1,,0,0,0,0,0,,,,,,,0,0,0,0,0,,,,,,,0,0,0,1,0,,,,18,,,0,0,0,0,0,,,,,,,0,0,0,0,0,,,,,,,0,0,0,0,0,,,,,,1
31981674,1,,0,0,0,0,0,,,,,,,0,0,0,0,0,,,,,,,0,0,0,0,1,,,,,80,,0,0,0,0,0,,,,,,,0,0,0,0,0,,,,,,,0,0,0,0,0,,,,,,1
32002162,1,,0,0,0,0,0,,,,,,,0,0,0,1,0,,,,,72,,0,0,0,0,0,,,,,,,0,0,0,0,0,,,,,,,0,0,0,0,0,,,,,,,0,0,0,0,0,,,,,,1
32041778,1,,0,0,0,0,0,,,,,,,0,1,0,0,0,,35,,,,,0,0,0,0,0,,,,,,,0,0,0,0,0,,,,,,,0,0,0,0,0,,,,,,,0,0,0,0,0,,,,,,1
32042138,1,,0,0,0,0,0,,,,,,,0,0,0,0,0,,,,,,,1,1,1,1,1,,25,25,200,75,,0,0,0,0,0,,,,,,,0,0,0,0,0,,,,,,,0,0,0,0,0,,,,,,2
32042174,1,,0,0,1,0,0,,,30,,,,0,0,1,0,0,,,20,,,,0,0,0,0,0,,,,,,,0,0,0,0,0,,,,,,,0,0,0,0,0,,,,,,,0,0,0,0,0,,,,,,2
32042218,1,,0,0,1,0,1,,,30,,40,,0,0,0,0,0,,,,,,,0,0,0,0,0,,,,,,,0,0,0,0,0,,,,,,,0,0,0,0,0,,,,,,,0,0,0,0,0,,,,,,
32062214,1,,0,0,0,0,1,,,,,30,,0,1,0,1,0,,10,,,25,,0,0,0,0,0,,,,,,,0,0,0,0,0,,,,,,,0,0,0,0,1,,,,,15,,0,0,0,0,0,,,,,,1
32082066,1,,0,,,,,,,,,,,,,,,,,,,,,,,,,,,,,,,,,,,,,,,,,,,,1,1,,,1,,1,,,5,,,,,,,,,,,,
32101790,1,,0,1,1,0,0,,36,58,,,,0,0,0,0,0,,,,,,,0,0,0,0,0,,,,,,,0,0,0,0,0,,,,,,,0,0,0,0,0,,,,,,,0,0,0,0,0,,,,,,
32102154,1,,0,0,0,0,0,,,,,,,0,0,0,0,0,,,,,,,0,0,0,0,1,,,,,80,,0,0,0,0,0,,,,,,,0,0,0,0,0,,,,,,,0,0,0,0,0,,,,,,1
32102212,1,,0,0,1,0,0,,,10,,,,0,0,0,0,0,,,,,,,0,0,0,0,0,,,,,,,0,0,0,0,0,,,,,,,0,0,0,0,0,,,,,,,0,0,0,0,0,,,,,,
32102216,1,,0,0,0,0,0,,,,,,,0,0,0,0,0,,,,,,,0,0,0,0,0,,,,,,,0,0,0,0,0,,,,,,,0,1,0,1,0,,8,,20,,,0,0,0,0,0,,,,,,
32122142,1,,0,0,0,0,0,,,,,,,0,1,1,0,1,,15,5,9,,,0,0,0,1,0,,,,48,,,0,0,0,0,0,,,,,,,0,0,0,0,0,,,,,,,0,0,0,0,0,,,,,,1
32141730,1,,0,0,0,0,0,,,,,,,0,0,0,0,0,,,,,,,0,0,1,0,0,,,1,,,,0,0,0,0,0,,,,,,,0,0,0,0,0,,,,,,,0,0,0,0,0,,,,,,1
32181672,1,,0,0,0,0,0,,,,,,,0,0,0,0,0,,,,,,,0,0,0,0,1,,,,,30,,0,0,0,0,0,,,,,,,0,0,0,0,0,,,,,,,0,0,0,0,0,,,,,,1
32181684,1,,0,0,0,0,0,,,,,,,0,0,0,0,0,,,,,,,1,0,0,0,0,,,,,,,0,0,0,0,0,,,,,,,0,0,0,0,0,,,,,,,0,0,0,0,0,,,,,,1
32181780,1,,0,0,0,0,0,,,,,,,0,0,1,0,0,,,45,,,,0,0,1,0,0,,,70,,,,0,0,0,0,0,,,,,,,0,0,0,0,0,,,,,,,0,0,0,0,0,,,,,,1
32182122,1,,0,0,0,0,0,,,,,,,0,0,0,0,0,,,,,,,1,0,1,1,1,,,7,30,200,,0,0,0,0,0,,,,,,,0,0,0,0,0,,,,,,,0,0,0,0,0,,,,,,2
32182144,1,,0,0,0,0,0,,,,,,,0,0,0,1,1,,,,18,15,,0,0,0,0,0,,,,,,,0,0,0,0,0,,,,,,,0,0,0,0,0,,,,,,,0,0,0,0,0,,,,,,1
32201782,1,,0,0,0,0,0,,,,,,,0,1,0,0,1,,50,,50,,,0,0,0,0,0,,,,,,,0,0,0,0,0,,,,,,,0,0,0,0,0,,,,,,,0,0,0,0,0,,,,,,2
32202096,1,,0,0,0,0,0,,,,,,,0,1,1,0,0,,40,40,,,,0,0,0,0,0,,,,,,,0,0,0,0,0,,,,,,,0,0,0,0,0,,,,,,,0,0,0,0,0,,,,,,1
32221796,1,,0,0,0,0,0,,,,,,,0,0,1,0,0,,,35,,,,0,0,0,0,0,,,,,,,0,0,0,0,0,,,,,,,0,0,0,0,0,,,,,,,0,0,0,0,0,,,,,,1
32222146,1,,0,0,0,0,0,,,,,,,0,0,0,0,0,,,,,,,0,0,0,0,0,,,,,,,0,0,0,0,0,,,,,,,0,1,0,0,0,,5,,,,,0,0,0,0,0,,,,,,
32222206,1,,0,0,0,0,0,,,,,,,0,0,1,0,0,,,220,,,,0,0,0,0,0,,,,,,,0,0,0,0,0,,,,,,,0,0,0,0,0,,,,,,,0,0,0,0,0,,,,,,1
32241682,1,,0,0,0,0,0,,,,,,,0,0,0,0,0,,,,,,,0,0,1,0,0,,,30,,,,0,0,0,0,0,,,,,,,0,0,0,0,0,,,,,,,0,0,0,0,0,,,,,,1
32242172,1,,0,0,0,0,0,,,,,,,0,0,0,0,0,,,,,,,0,0,0,0,0,,,,,,,0,0,0,0,0,,,,,,,0,1,0,0,0,,4,,,,,0,0,0,0,0,,,,,,
32242214,1,,0,0,0,0,0,,,,,,,0,0,0,0,1,,,,120,,,0,0,0,0,0,,,,,,,0,0,0,0,0,,,,,,,0,0,0,0,0,,,,,,,0,0,0,0,0,,,,,,1
32262002,1,,1,1,0,0,0,,10,,,,,0,0,0,0,0,,,,,,,0,0,0,0,0,,,,,,,0,0,0,0,0,,,,,,,0,0,0,0,0,,,,,,,0,0,0,0,0,,,,,,
32262092,1,,0,0,0,0,0,,,,,,,1,0,1,0,0,,,3,,,,0,0,0,0,0,,,,,,,0,0,0,0,0,,,,,,,0,0,0,0,0,,,,,,,0,0,0,0,0,,,,,,1
32302160,1,,0,0,0,0,0,,,,,,,1,1,1,1,1,,0,0,0,0,,0,0,0,0,0,,,,,,,0,0,0,0,0,,,,,,,1,1,1,0,0,,30,55,,,,0,0,0,0,0,,,,,,3
32322252,1,,0,0,0,0,0,,,,,,,0,0,0,0,0,,,,,,,0,0,0,0,0,,,,,,,0,0,0,0,0,,,,,,,0,0,0,0,0,,,,,,,0,0,0,0,0,,,,,,
32342232,1,,0,0,0,0,0,,,,,,,0,0,1,0,0,,,38,,,,0,0,0,0,0,,,,,,,0,0,0,0,0,,,,,,,0,0,0,0,0,,,,,,,0,0,0,0,0,,,,,,1
32381710,1,,0,0,0,0,0,,,,,,,0,0,0,0,0,,,,,,,1,0,0,0,0,,,,,,,0,0,0,0,0,,,,,,,0,0,0,0,0,,,,,,,0,0,0,0,0,,,,,,1
32382106,1,,0,0,0,0,0,,,,,,,0,0,0,0,0,,,,,,,1,1,1,1,0,,1,3,1,,,0,0,0,0,0,,,,,,,0,0,0,0,0,,,,,,,0,0,0,0,0,,,,,,2
32401702,1,,0,0,0,0,0,,,,,,,0,0,0,0,0,,,,,,,0,0,0,1,0,,,,50,,,0,0,0,0,0,,,,,,,0,0,0,0,0,,,,,,,0,0,0,0,0,,,,,,1
32401724,1,,0,0,0,0,0,,,,,,,0,0,0,0,0,,,,,,,0,0,0,1,0,,,,20,,,0,0,0,0,0,,,,,,,0,0,0,0,0,,,,,,,0,0,0,0,0,,,,,,1
32401786,1,,0,0,0,0,0,,,,,,,0,0,0,0,1,,,,80,,,0,0,0,0,0,,,,,,,0,0,0,0,0,,,,,,,0,0,0,0,0,,,,,,,0,0,0,0,0,,,,,,1
32422100,1,,0,0,0,0,0,,,,,,,0,0,0,0,0,,,,,,,1,0,1,0,1,,,10,,3,,0,0,0,0,0,,,,,,,0,0,0,0,0,,,,,,,0,0,0,0,0,,,,,,1
32422226,1,,,,,,1,,,,,100,,,,,,,,,,,,,,,,,,,,,,,,,,,,,,,,,,,,,,,,,,,,,,,,,,,,,,,,
32441768,1,,0,0,0,0,0,,,,,,,1,1,1,1,1,,1,1,1,1,,0,1,1,0,0,,29,31,,,,0,0,0,0,0,,,,,,,1,1,1,1,1,,1,1,1,1,,0,0,0,0,0,,,,,,2
32461748,1,,0,0,0,0,0,,,,,,,1,0,0,0,1,,,,10,,,0,0,0,1,0,,,,50,,,0,0,0,0,0,,,,,,,0,0,0,0,0,,,,,,,0,0,0,0,0,,,,,,2
32461798,1,,0,0,0,0,0,,,,,,,0,0,0,0,1,,,,54,,,0,0,0,0,0,,,,,,,0,0,0,0,0,,,,,,,0,0,0,0,0,,,,,,,0,0,0,0,0,,,,,,1
32481746,1,,0,0,0,0,0,,,,,,,0,0,0,1,0,,,,,80,,0,0,0,0,1,,,,,40,,0,0,0,0,0,,,,,,,0,0,0,0,0,,,,,,,0,0,0,0,0,,,,,,1
32481828,1,,0,0,0,0,0,,,,,,,0,1,0,0,0,,55,,,,,0,0,0,0,0,,,,,,,0,0,0,0,0,,,,,,,0,0,0,0,0,,,,,,,0,0,0,0,0,,,,,,1
32501694,1,,0,0,0,0,0,,,,,,,0,0,0,0,0,,,,,,,1,0,0,0,0,,,,,,,0,0,0,0,0,,,,,,,0,0,0,0,0,,,,,,,0,0,0,0,0,,,,,,1
32521750,1,,0,0,0,0,0,,,,,,,0,1,1,0,1,,50,39,80,,,0,1,1,0,0,,200,40,,,,0,0,0,0,0,,,,,,,0,0,0,0,0,,,,,,,0,0,0,0,0,,,,,,1
32521936,1,,0,1,0,0,0,,500,,,,,0,0,0,0,0,,,,,,,0,0,0,0,0,,,,,,,0,0,0,0,0,,,,,,,0,1,0,0,0,,500,,,,,0,0,0,0,0,,,,,,
32541744,1,,0,0,0,0,0,,,,,,,1,1,1,1,1,,2,2,2,2,,0,0,0,0,1,,,,,70,,0,0,0,0,0,,,,,,,0,0,0,0,0,,,,,,,1,0,0,0,0,,,,,,1
32541766,1,,0,0,0,0,0,,,,,,,0,1,1,1,1,,90,50,140,215,,0,0,0,1,0,,,,140,,,0,0,0,0,0,,,,,,,0,0,0,0,0,,,,,,,0,0,0,0,0,,,,,,1
32541780,1,,0,0,0,0,0,,,,,,,0,0,1,0,1,,,40,35,,,0,0,0,1,0,,,,48,,,0,0,0,0,0,,,,,,,0,0,0,0,0,,,,,,,0,0,0,0,0,,,,,,1
32541924,1,,1,0,0,1,0,,,,10,,,0,0,0,0,0,,,,,,,0,0,0,0,0,,,,,,,0,0,0,0,0,,,,,,,0,0,0,0,0,,,,,,,0,0,0,0,0,,,,,,
32561764,1,,0,0,0,0,0,,,,,,,0,0,0,0,0,,,,,,,0,1,1,1,1,,55,20,70,50,,0,0,0,0,0,,,,,,,0,0,0,0,0,,,,,,,0,0,0,0,0,,,,,,2
32561800,1,,0,0,0,0,0,,,,,,,0,1,1,1,1,,85,30,145,90,,0,0,0,0,0,,,,,,,0,0,0,0,0,,,,,,,0,0,0,0,0,,,,,,,0,0,0,0,0,,,,,,1
32563608,1,,0,0,0,0,0,,,,,,,1,1,1,1,1,,0,0,0,0,,0,0,0,0,0,,,,,,,0,0,0,0,0,,,,,,,0,0,0,0,0,,,,,,,0,0,0,0,0,,,,,,3
32581750,1,,0,0,0,0,0,,,,,,,1,1,1,1,1,,6,1,1,6,,1,0,1,0,1,,,1,,1,,0,0,0,0,0,,,,,,,0,0,0,0,0,,,,,,,0,0,0,0,0,,,,,,1
32582164,1,,0,0,0,0,0,,,,,,,0,1,0,0,0,,5,,,,,0,0,0,0,0,,,,,,,0,0,0,0,0,,,,,,,0,0,0,0,0,,,,,,,0,0,0,0,0,,,,,,1
32582246,1,,1,1,0,0,0,,300,,,,,0,0,0,0,0,,,,,,,0,0,0,0,0,,,,,,,0,0,0,0,0,,,,,,,0,0,0,0,0,,,,,,,0,0,0,0,0,,,,,,
32583496,1,,1,1,1,1,1,,1,1,1,1,,0,0,0,0,0,,,,,,,0,0,0,0,0,,,,,,,0,0,0,0,0,,,,,,,0,0,0,0,0,,,,,,,0,0,0,0,0,,,,,,
32601800,1,,0,0,0,0,0,,,,,,,0,1,1,1,1,,100,25,20,150,,0,1,1,0,1,,150,120,,230,,0,0,0,0,0,,,,,,,0,0,0,0,0,,,,,,,0,0,0,0,0,,,,,,1
32601944,1,,0,0,0,0,0,,,,,,,0,1,0,0,0,,20,,,,,0,0,0,0,0,,,,,,,0,0,0,0,0,,,,,,,0,1,0,0,0,,20,,,,,0,0,0,0,0,,,,,,1
32602244,1,,1,0,0,0,0,,,,,,,0,0,0,0,0,,,,,,,0,0,0,0,0,,,,,,,0,0,0,0,0,,,,,,,0,0,0,0,0,,,,,,,0,0,0,0,0,,,,,,
32622246,1,,1,0,0,0,0,,,,,,,1,1,0,0,0,,5,,,,,0,0,0,0,0,,,,,,,0,0,0,0,0,,,,,,,0,0,0,0,0,,,,,,,0,0,0,0,0,,,,,,1
32641790,1,,0,0,0,0,0,,,,,,,0,0,1,1,1,,,28,95,138,,0,1,1,1,0,,24,28,95,,,0,0,0,1,0,,,,95,,,0,0,0,0,0,,,,,,,0,0,0,0,0,,,,,,2
32682112,1,,1,1,1,1,1,,0,0,0,0,,0,0,0,0,0,,,,,,,0,0,0,0,0,,,,,,,0,0,0,0,0,,,,,,,0,0,0,0,0,,,,,,,0,0,0,0,0,,,,,,
32682156,1,,0,0,0,0,0,,,,,,,0,0,0,0,0,,,,,,,0,1,0,1,0,,20,,40,,,0,0,0,0,0,,,,,,,0,0,0,0,0,,,,,,,0,0,0,0,0,,,,,,1
32701756,1,,0,0,0,0,0,,,,,,,0,0,1,1,1,,,40,40,160,,0,0,0,0,0,,,,,,,0,0,0,0,0,,,,,,,0,0,0,0,0,,,,,,,0,0,0,0,0,,,,,,2
32721780,1,,1,1,1,1,1,,1,1,1,1,,0,1,1,1,1,,50,70,33,100,,0,0,0,0,0,,,,,,,0,0,0,0,0,,,,,,,0,0,0,0,0,,,,,,,0,0,0,0,0,,,,,,3
32721968,1,,0,0,0,0,0,,,,,,,0,0,0,0,0,,,,,,,0,1,0,0,0,,60,,,,,0,0,0,0,0,,,,,,,0,0,0,0,0,,,,,,,0,0,0,0,0,,,,,,1
32742874,1,,0,0,0,0,0,,,,,,,0,1,1,1,1,,5,10,10,5,,0,0,0,0,0,,,,,,,0,0,0,0,0,,,,,,,0,0,0,0,0,,,,,,,0,0,0,0,0,,,,,,3
32761948,1,,0,0,0,0,1,,,,,20,,0,1,0,0,0,,100,,,,,0,0,0,0,0,,,,,,,0,0,0,0,0,,,,,,,0,1,1,0,0,,60,60,,,,0,0,0,0,0,,,,,,1
32761990,1,,0,0,0,0,0,,,,,,,0,0,0,0,0,,,,,,,0,0,0,1,1,,,,4,60,,0,0,0,0,0,,,,,,,0,0,0,0,0,,,,,,,0,0,0,0,0,,,,,,1
32821762,1,,0,0,0,0,0,,,,,,,0,0,1,1,1,,,100,70,154,,0,0,1,1,0,,,55,300,,,0,0,0,0,0,,,,,,,0,0,0,0,0,,,,,,,0,0,0,0,0,,,,,,1
32822932,1,,0,0,0,0,0,,,,,,,0,0,1,1,0,,,2,,4,,0,0,0,0,0,,,,,,,0,0,0,0,0,,,,,,,0,0,0,0,0,,,,,,,0,0,0,0,0,,,,,,2
32841864,1,,1,1,1,1,1,,1,1,1,1,,0,1,0,0,1,,20,,35,,,0,0,0,0,0,,,,,,,0,0,0,0,0,,,,,,,0,0,0,0,0,,,,,,,0,0,0,0,0,,,,,,1
32842178,1,,0,0,0,0,0,,,,,,,0,0,0,0,0,,,,,,,0,0,0,0,0,,,,,,,0,0,0,0,0,,,,,,,0,1,0,1,0,,35,,30,,,0,0,0,0,0,,,,,,
32842232,1,,0,0,0,0,0,,,,,,,1,0,0,0,0,,,,,,,0,0,0,0,0,,,,,,,0,0,0,0,0,,,,,,,0,0,0,0,0,,,,,,,0,0,0,0,0,,,,,,1
32902230,1,,0,0,1,0,0,,,4,,,,0,0,0,0,0,,,,,,,0,0,0,0,0,,,,,,,0,0,0,0,0,,,,,,,0,0,0,0,0,,,,,,,0,0,0,0,0,,,,,,
32922214,1,,0,0,1,0,0,,,5,,,,0,0,0,0,0,,,,,,,0,0,0,1,0,,,,300,,,0,0,0,0,0,,,,,,,0,0,0,0,0,,,,,,,0,0,0,0,0,,,,,,1
32942242,1,,1,1,1,1,1,,1,1,1,1,,0,1,0,0,1,,2,,1,,,0,0,0,0,0,,,,,,,0,0,0,0,0,,,,,,,0,0,0,0,0,,,,,,,0,0,0,0,0,,,,,,1
32961790,1,,0,1,0,0,1,,60,,,95,,0,1,0,1,0,,60,,,95,,0,0,0,0,0,,,,,,,0,0,0,0,0,,,,,,,0,1,0,0,1,,60,,,95,,0,0,0,0,0,,,,,,1
32962208,1,,0,0,0,1,0,,,,2,,,0,0,0,0,0,,,,,,,0,0,0,0,0,,,,,,,0,0,0,0,0,,,,,,,0,0,0,0,0,,,,,,,0,0,0,0,0,,,,,,
32981822,1,,0,0,0,0,0,,,,,,,1,0,0,1,1,,,,20,22,,0,0,0,0,0,,,,,,,0,0,0,0,0,,,,,,,0,0,0,0,0,,,,,,,0,0,0,0,0,,,,,,1
33001794,1,,0,0,0,0,0,,,,,,,0,1,0,0,0,,2,,,,,0,0,0,0,0,,,,,,,0,0,0,0,0,,,,,,,0,0,0,0,0,,,,,,,0,0,0,0,0,,,,,,1
33021720,1,,0,0,0,0,0,,,,,,,0,0,0,0,0,,,,,,,0,1,0,0,0,,50,,,,,0,0,0,0,0,,,,,,,0,0,0,0,0,,,,,,,0,0,0,0,0,,,,,,1
33042120,1,,0,0,0,0,0,,,,,,,0,0,0,0,0,,,,,,,0,0,0,0,0,,,,,,,0,0,0,0,0,,,,,,,0,0,0,0,0,,,,,,,0,0,0,0,0,,,,,,
33042166,1,,0,0,0,0,0,,,,,,,0,0,0,0,0,,,,,,,0,1,1,0,0,,60,70,,,,0,0,0,0,0,,,,,,,0,0,0,0,0,,,,,,,0,0,0,0,0,,,,,,1
33042228,1,,1,0,0,0,0,,,,,,,1,0,0,0,0,,,,,,,0,0,0,0,0,,,,,,,0,0,0,0,0,,,,,,,0,0,0,0,0,,,,,,,0,0,0,0,0,,,,,,1
33082116,1,,0,0,1,0,0,,,15,,,,0,0,0,0,0,,,,,,,0,0,0,0,0,,,,,,,0,0,0,0,0,,,,,,,0,0,0,0,0,,,,,,,0,0,0,0,0,,,,,,
33122210,1,,0,0,1,0,1,,,2,,2,,0,0,0,0,0,,,,,,,0,0,0,0,0,,,,,,,0,0,0,0,0,,,,,,,0,0,0,0,0,,,,,,,0,0,0,0,0,,,,,,
33142160,1,,0,0,0,0,0,,,,,,,0,0,0,0,0,,,,,,,0,0,0,0,1,,,,,150,,0,0,0,0,0,,,,,,,0,0,0,0,0,,,,,,,0,0,0,0,0,,,,,,1
33143594,1,,0,0,0,0,0,,,,,,,0,0,0,0,0,,,,,,,1,0,0,0,1,,,,,5,,0,0,0,0,0,,,,,,,0,0,0,0,0,,,,,,,0,0,0,0,0,,,,,,2
33162174,1,,0,0,0,0,0,,,,,,,0,0,0,0,0,,,,,,,1,1,1,1,1,,100,150,20,150,,0,0,0,0,0,,,,,,,0,0,0,0,0,,,,,,,0,0,0,0,0,,,,,,3
33162242,1,,1,0,0,0,0,,,,,,,1,0,0,0,0,,,,,,,0,0,0,0,0,,,,,,,0,0,0,0,0,,,,,,,0,0,0,0,0,,,,,,,0,0,0,0,0,,,,,,1
33162848,1,,0,0,0,0,0,,,,,,,0,0,0,0,0,,,,,,,0,0,0,0,0,,,,,,,0,0,0,0,0,,,,,,,0,0,0,0,0,,,,,,,1,0,0,0,0,,,,,,
33182222,1,,1,0,0,0,0,,,,,,,0,0,0,0,0,,,,,,,0,0,0,0,0,,,,,,,0,0,0,0,0,,,,,,,0,0,0,0,0,,,,,,,0,0,0,0,0,,,,,,
33262144,1,,0,0,0,0,0,,,,,,,0,0,1,0,1,,,150,35,,,0,0,0,0,0,,,,,,,0,0,0,0,0,,,,,,,0,0,0,0,0,,,,,,,0,0,0,0,0,,,,,,1
33262202,1,,0,0,0,0,0,,,,,,,0,1,0,0,0,,8,,,,,0,0,0,0,0,,,,,,,0,0,0,0,0,,,,,,,0,0,0,0,0,,,,,,,0,0,0,0,0,,,,,,3
33281826,1,,0,0,0,0,0,,,,,,,0,0,0,0,1,,,,25,,,0,0,0,0,0,,,,,,,0,0,0,0,0,,,,,,,0,0,0,0,0,,,,,,,0,0,0,0,0,,,,,,1
33281970,1,,0,0,0,0,0,,,,,,,0,0,0,0,0,,,,,,,0,0,1,0,1,,,50,,100,,0,0,0,0,0,,,,,,,0,0,0,0,0,,,,,,,0,0,0,0,0,,,,,,2
33322186,1,,0,0,0,0,0,,,,,,,0,0,0,0,0,,,,,,,0,1,0,0,1,,45,,,50,,0,0,0,0,0,,,,,,,0,0,0,0,0,,,,,,,0,0,0,0,0,,,,,,1
33421936,1,,1,1,0,0,0,,2,,,,,0,0,0,0,0,,,,,,,0,0,0,0,0,,,,,,,0,0,0,0,0,,,,,,,0,0,0,0,0,,,,,,,0,0,0,0,0,,,,,,
33461926,1,,1,1,1,1,1,,1,1,1,1,,0,0,0,0,0,,,,,,,0,0,0,0,0,,,,,,,0,0,0,0,0,,,,,,,0,0,0,0,0,,,,,,,0,0,0,0,0,,,,,,
33462168,1,,0,0,0,0,0,,,,,,,0,0,0,0,0,,,,,,,0,0,0,0,0,,,,,,,0,0,0,0,0,,,,,,,0,0,0,0,0,,,,,,,0,0,0,0,0,,,,,,
33481922,1,,1,0,1,0,1,,,1,,1,,1,1,0,0,1,,1,,1,,,0,0,0,0,0,,,,,,,0,0,0,0,0,,,,,,,0,0,0,0,0,,,,,,,0,0,0,0,0,,,,,,1
33541816,1,,0,0,0,0,0,,,,,,,0,0,1,0,0,,,200,,,,0,0,0,0,0,,,,,,,0,0,0,0,0,,,,,,,0,0,0,0,0,,,,,,,0,0,0,0,0,,,,,,1
33542032,1,,0,0,0,0,0,,,,,,,0,0,0,0,0,,,,,,,0,0,0,0,0,,,,,,,1,1,1,1,1,,1,1,1,1,,0,0,0,0,0,,,,,,,0,0,0,0,0,,,,,,
33581994,1,,0,0,0,0,0,,,,,,,0,0,1,1,0,,,25,,50,,0,0,0,0,0,,,,,,,0,0,0,0,0,,,,,,,1,1,1,1,1,,5,5,5,5,,0,0,0,0,0,,,,,,1
33582004,1,,0,0,0,0,0,,,,,,,0,1,1,0,0,,38,51,,,,0,0,0,0,0,,,,,,,0,0,0,0,0,,,,,,,0,0,0,0,0,,,,,,,0,0,0,0,0,,,,,,1
33602008,1,,0,0,0,1,0,,,,50,,,0,0,1,0,1,,,175,60,,,0,0,0,0,0,,,,,,,0,0,0,0,0,,,,,,,0,0,0,0,0,,,,,,,0,0,0,0,0,,,,,,1
33622004,1,,0,0,0,0,0,,,,,,,0,0,0,0,1,,,,6,,,0,0,0,0,0,,,,,,,0,0,0,0,0,,,,,,,0,0,0,0,0,,,,,,,0,0,0,0,0,,,,,,1
33622018,1,,0,1,1,0,0,,120,7,,,,0,0,0,0,0,,,,,,,0,0,0,0,0,,,,,,,0,0,0,0,0,,,,,,,0,0,0,0,0,,,,,,,0,0,0,0,0,,,,,,
33641988,1,,0,0,0,0,0,,,,,,,1,0,1,1,1,,,50,5,15,,0,0,0,0,0,,,,,,,0,0,0,0,0,,,,,,,0,0,0,0,0,,,,,,,0,0,0,0,0,,,,,,3
33642028,1,,0,0,0,0,0,,,,,,,0,0,1,0,1,,,255,60,,,0,0,0,0,0,,,,,,,0,0,0,0,0,,,,,,,0,0,0,0,0,,,,,,,0,0,0,0,0,,,,,,1
33642046,1,,0,1,0,1,0,,15,,37,,,0,1,1,1,0,,10,6,,30,,0,0,0,0,0,,,,,,,0,0,0,0,0,,,,,,,0,1,0,0,1,,20,,,33,,0,0,0,0,0,,,,,,1
33642852,1,,0,0,0,0,0,,,,,,,0,1,1,0,0,,57,57,,,,0,0,0,0,0,,,,,,,0,0,0,0,0,,,,,,,0,0,0,0,0,,,,,,,0,0,0,0,0,,,,,,1
33662002,1,,0,1,0,0,0,,20,,,,,0,0,0,0,0,,,,,,,0,0,0,0,0,,,,,,,0,0,0,0,0,,,,,,,0,0,0,0,0,,,,,,,0,0,0,0,0,,,,,,
33662026,1,,0,0,0,0,0,,,,,,,0,0,1,0,0,,,99,,,,0,0,0,0,0,,,,,,,0,0,0,0,0,,,,,,,0,0,0,0,0,,,,,,,0,0,0,0,0,,,,,,1
33681980,1,,0,0,0,0,0,,,,,,,0,1,1,0,1,,120,35,85,,,0,0,0,0,0,,,,,,,0,0,0,0,0,,,,,,,0,0,0,0,0,,,,,,,0,0,0,0,0,,,,,,1
33681992,1,,1,1,1,1,1,,25,6,10,14,,0,0,1,0,1,,,60,60,,,0,0,0,0,0,,,,,,,0,0,0,0,0,,,,,,,0,0,1,1,0,,,70,70,,,0,0,0,0,0,,,,,,1
33682052,1,,0,0,0,0,0,,,,,,,0,0,0,1,1,,,,12,9,,0,0,0,0,0,,,,,,,0,0,0,0,0,,,,,,,0,1,0,0,0,,6,,,,,0,0,0,0,0,,,,,,1
33702020,1,,0,0,0,0,0,,,,,,,0,0,1,1,1,,,50,130,200,,0,0,0,0,0,,,,,,,0,0,0,0,0,,,,,,,0,0,0,0,0,,,,,,,0,0,0,0,0,,,,,,2
33741972,1,,0,0,0,0,0,,,,,,,0,0,0,0,1,,,,50,,,0,0,0,0,0,,,,,,,0,0,0,0,0,,,,,,,0,0,0,0,0,,,,,,,0,0,0,0,0,,,,,,3
33741998,1,,1,1,1,1,1,,5,5,5,5,,0,1,1,1,0,,50,100,,22,,0,0,0,0,0,,,,,,,0,0,0,0,0,,,,,,,0,1,1,0,0,,50,100,,,,0,0,0,0,0,,,,,,1
33742056,1,,0,1,1,1,1,,50,100,9,10,,0,0,1,0,0,,,15,,,,0,0,0,0,0,,,,,,,0,0,0,0,0,,,,,,,0,0,0,0,0,,,,,,,0,0,0,0,0,,,,,,2
33761994,1,,0,0,0,0,0,,,,,,,0,1,0,1,0,,200,,,50,,0,0,0,0,0,,,,,,,0,0,0,0,0,,,,,,,0,1,0,0,0,,180,,,,,0,0,0,0,0,,,,,,1
33762000,1,,0,0,0,0,0,,,,,,,0,1,0,0,0,,90,,,,,0,0,0,0,0,,,,,,,0,0,0,0,0,,,,,,,0,0,1,0,0,,,56,,,,0,0,0,0,0,,,,,,1
33781948,1,,0,0,0,0,0,,,,,,,0,1,1,1,1,,15,20,10,20,,0,1,1,1,1,,15,20,10,20,,0,0,0,0,0,,,,,,,0,0,0,0,0,,,,,,,0,0,0,0,0,,,,,,3
33782052,1,,1,1,1,1,1,,1,1,1,1,,0,0,0,0,0,,,,,,,0,0,0,0,0,,,,,,,0,0,0,0,0,,,,,,,0,0,0,0,0,,,,,,,0,0,0,0,0,,,,,,
33782062,1,,1,1,1,1,1,,3,3,3,3,,0,1,0,0,1,,220,,86,,,0,0,0,0,0,,,,,,,0,0,0,0,0,,,,,,,0,0,0,0,0,,,,,,,0,0,0,0,0,,,,,,1
33782070,1,,0,1,1,1,1,,5,4,3,10,,1,0,0,0,1,,,,83,,,0,0,0,0,0,,,,,,,0,0,0,0,0,,,,,,,0,0,0,0,0,,,,,,,0,0,0,0,0,,,,,,1
33801978,1,,0,0,0,0,0,,,,,,,0,0,0,0,1,,,,250,,,0,0,0,0,0,,,,,,,0,0,0,0,0,,,,,,,0,0,0,0,0,,,,,,,0,0,0,0,0,,,,,,1
33801996,1,,0,0,0,0,0,,,,,,,0,0,0,1,0,,,,,26,,0,0,0,0,0,,,,,,,0,0,0,0,0,,,,,,,0,0,0,0,0,,,,,,,0,0,0,0,0,,,,,,1
33802036,1,,0,0,0,0,0,,,,,,,0,0,1,0,1,,,47,40,,,0,0,0,0,0,,,,,,,0,0,0,0,0,,,,,,,0,0,0,0,0,,,,,,,0,0,0,0,0,,,,,,1
33802040,1,,1,1,1,1,1,,4,5,5,5,,0,0,0,0,1,,,,8,,,0,0,0,0,0,,,,,,,0,0,0,0,0,,,,,,,0,0,0,0,0,,,,,,,0,0,0,0,0,,,,,,1
33802058,1,,0,1,1,1,1,,8,15,10,6,,0,0,1,0,1,,,67,94,,,0,0,0,0,0,,,,,,,0,0,0,0,0,,,,,,,0,0,0,0,0,,,,,,,0,0,0,0,0,,,,,,1
33821988,1,,0,0,0,0,0,,,,,,,0,0,1,1,1,,,35,70,52,,0,0,0,0,0,,,,,,,0,0,0,0,0,,,,,,,0,0,0,0,0,,,,,,,0,0,0,0,0,,,,,,2
33822042,1,,,,,1,1,,,,20,13,,,,,,,,,,,,,,1,1,1,1,,36,7,20,13,,,,,,,,,,,,,,1,,1,,,22,,20,,,,,,,,,,,,,
33822046,1,,0,0,0,0,0,,,,,,,0,1,0,1,1,,16,,30,11,,0,0,0,0,0,,,,,,,0,0,0,0,0,,,,,,,0,0,0,0,0,,,,,,,0,0,0,0,0,,,,,,1
33842008,1,,0,0,0,0,0,,,,,,,0,0,0,1,0,,,,,4,,0,0,0,0,0,,,,,,,0,0,0,0,0,,,,,,,0,0,0,0,0,,,,,,,0,0,0,0,0,,,,,,1
33842048,1,,1,1,1,1,1,,2,2,2,2,,0,0,1,1,1,,,15,23,42,,0,0,0,0,0,,,,,,,0,0,0,1,0,,,,26,,,0,0,0,1,0,,,,24,,,0,0,0,0,0,,,,,,1
33861962,1,,0,0,0,0,0,,,,,,,0,1,0,1,0,,70,,,90,,0,0,0,0,0,,,,,,,0,0,0,0,0,,,,,,,0,0,0,0,0,,,,,,,0,0,0,0,0,,,,,,3
33861992,1,,0,0,0,0,0,,,,,,,0,1,0,0,0,,52,,,,,0,0,0,0,0,,,,,,,0,0,0,0,0,,,,,,,0,0,0,0,0,,,,,,,0,0,0,0,0,,,,,,1
33862060,1,,0,0,0,0,0,,,,,,,1,1,1,1,1,,50,13,2,6,,0,0,0,0,0,,,,,,,0,0,0,0,0,,,,,,,0,0,0,0,0,,,,,,,0,0,0,0,0,,,,,,3
33881958,1,,0,0,0,0,0,,,,,,,0,1,1,1,1,,8,6,17,15,,0,0,0,0,0,,,,,,,0,0,0,0,0,,,,,,,0,0,0,0,0,,,,,,,0,0,0,0,0,,,,,,2
33881972,1,,0,0,0,0,0,,,,,,,0,0,0,0,1,,,,30,,,0,0,0,0,0,,,,,,,0,0,0,0,0,,,,,,,0,0,0,0,0,,,,,,,0,0,0,0,0,,,,,,1
33881990,1,,0,0,0,0,0,,,,,,,0,0,1,1,1,,,69,60,25,,0,0,0,0,0,,,,,,,0,0,0,0,0,,,,,,,0,0,0,0,0,,,,,,,0,0,0,0,0,,,,,,1
33901970,1,,0,0,0,0,0,,,,,,,0,0,0,0,1,,,,66,,,0,0,0,0,0,,,,,,,0,0,0,0,0,,,,,,,0,0,0,0,0,,,,,,,0,0,0,0,0,,,,,,1
33901978,1,,0,0,0,0,0,,,,,,,0,0,0,0,0,,,,,,,0,0,0,0,0,,,,,,,0,0,0,0,0,,,,,,,0,0,0,1,0,,,,30,,,0,0,0,0,0,,,,,,
33903396,1,,0,0,0,0,0,,,,,,,1,0,1,0,1,,,4,1,,,0,0,0,0,0,,,,,,,0,0,0,0,0,,,,,,,0,0,0,0,0,,,,,,,0,0,0,0,0,,,,,,1
33921966,1,,0,0,0,0,0,,,,,,,0,1,1,1,0,,14,40,,13,,0,0,0,0,0,,,,,,,0,0,0,0,0,,,,,,,0,0,1,0,0,,,84,,,,0,0,0,0,0,,,,,,1
33922034,1,,0,0,0,0,0,,,,,,,0,1,1,1,1,,43,36,62,34,,0,0,0,0,0,,,,,,,0,0,0,0,0,,,,,,,0,0,0,0,0,,,,,,,0,0,0,0,0,,,,,,2
33922038,1,,1,1,1,1,1,,2,2,2,2,,0,0,1,1,1,,,77,77,6,,0,0,0,0,0,,,,,,,0,0,0,0,0,,,,,,,0,0,0,0,0,,,,,,,0,0,0,0,0,,,,,,1
33941982,1,,0,0,0,0,0,,,,,,,1,1,1,1,1,,15,8,25,50,,0,0,0,0,0,,,,,,,0,0,0,0,0,,,,,,,0,0,0,0,0,,,,,,,0,0,0,0,0,,,,,,3
33942012,1,,0,0,0,0,0,,,,,,,0,0,0,0,1,,,,90,,,0,0,0,0,0,,,,,,,0,0,0,0,0,,,,,,,0,0,0,0,0,,,,,,,0,0,0,0,0,,,,,,1
33942022,1,,0,0,0,0,0,,,,,,,0,0,0,0,0,,,,,,,0,0,0,0,0,,,,,,,0,0,0,0,0,,,,,,,0,0,1,0,0,,,55,,,,0,0,0,0,0,,,,,,
33942048,1,,0,0,0,0,0,,,,,,,0,1,1,1,1,,73,5,40,20,,0,0,0,0,0,,,,,,,0,0,0,0,0,,,,,,,0,0,0,0,0,,,,,,,0,0,0,0,0,,,,,,1
33942054,1,,0,0,0,0,0,,,,,,,1,1,1,1,1,,10,20,50,5,,0,0,0,0,0,,,,,,,0,0,0,0,0,,,,,,,1,0,1,1,1,,,96,179,108,,0,0,0,0,0,,,,,,3
33961990,1,,0,0,0,0,0,,,,,,,1,1,1,1,1,,4,5,61,3,,0,0,0,0,0,,,,,,,0,0,0,0,0,,,,,,,1,1,1,1,1,,3,3,3,3,,0,0,0,0,0,,,,,,3
33981990,1,,0,0,0,0,0,,,,,,,0,0,1,0,0,,,20,,,,0,0,0,1,0,,,,7,,,0,0,0,1,0,,,,7,,,0,0,1,1,0,,,15,7,,,0,0,0,0,0,,,,,,1
33981996,1,,0,1,1,1,1,,20,10,5,12,,0,1,1,1,1,,20,18,18,17,,0,0,0,0,0,,,,,,,0,0,0,0,0,,,,,,,0,0,0,0,0,,,,,,,0,0,0,0,0,,,,,,1
34001998,1,,1,1,1,1,1,,2,2,2,2,,0,0,0,1,1,,,,45,150,,0,0,0,0,0,,,,,,,0,0,0,0,0,,,,,,,0,0,0,0,0,,,,,,,0,0,0,0,0,,,,,,1
34002280,1,,0,0,0,0,0,,,,,,,0,0,0,0,1,,,,5,,,0,0,0,0,0,,,,,,,0,0,0,0,0,,,,,,,0,0,0,0,0,,,,,,,0,0,0,0,0,,,,,,1
34021972,1,,0,0,0,0,0,,,,,,,0,1,1,1,1,,21,13,47,23,,0,0,0,0,0,,,,,,,0,0,0,0,0,,,,,,,0,0,0,0,1,,,,,25,,0,0,0,0,0,,,,,,2
34022002,1,,0,0,0,0,0,,,,,,,1,1,0,0,1,,5,,5,,,0,1,0,0,0,,125,,,,,0,0,0,0,0,,,,,,,0,1,0,0,0,,125,,,,,0,0,0,0,0,,,,,,1
34022030,1,,0,0,0,0,0,,,,,,,0,0,0,1,0,,,,,8,,0,0,0,0,0,,,,,,,0,0,0,0,0,,,,,,,0,0,0,0,0,,,,,,,0,0,0,0,0,,,,,,1
34022044,1,,1,1,1,1,1,,2,2,2,2,,0,0,0,0,1,,,,24,,,0,0,0,0,0,,,,,,,0,0,0,0,0,,,,,,,0,0,0,0,0,,,,,,,0,0,0,0,0,,,,,,1
34041970,1,,0,0,0,0,0,,,,,,,1,1,1,1,1,,12,20,9,8,,0,0,0,0,0,,,,,,,0,0,1,0,0,,,2,,,,0,0,0,0,0,,,,,,,0,0,0,0,0,,,,,,3
34041998,1,,1,1,1,1,1,,2,2,2,2,,0,0,0,0,0,,,,,,,0,0,0,0,0,,,,,,,0,0,0,0,0,,,,,,,0,0,0,0,0,,,,,,,0,0,0,0,0,,,,,,
34042006,1,,0,0,0,0,0,,,,,,,0,0,0,0,0,,,,,,,0,1,1,1,1,,37,8,1,17,,0,0,0,0,0,,,,,,,0,0,0,0,0,,,,,,,0,0,0,0,0,,,,,,3
34042042,1,,0,0,0,0,0,,,,,,,0,1,1,1,0,,4,22,,27,,0,0,0,0,0,,,,,,,0,0,0,0,0,,,,,,,0,0,0,0,0,,,,,,,0,0,0,0,0,,,,,,2
34062008,1,,0,1,1,1,0,,8,6,6,,,0,1,1,0,1,,8,6,6,,,0,0,0,0,0,,,,,,,0,0,0,0,0,,,,,,,0,1,1,1,0,,10,10,9,,,0,0,0,0,0,,,,,,1
34062038,1,,0,0,0,0,0,,,,,,,0,1,1,1,1,,26,35,28,47,,0,0,0,0,0,,,,,,,0,0,0,0,0,,,,,,,0,0,0,0,0,,,,,,,0,0,0,0,0,,,,,,2
34081816,1,,0,0,0,0,0,,,,,,,0,0,0,0,0,,,,,,,0,0,0,1,0,,,,10,,,0,0,0,0,0,,,,,,,0,0,0,0,0,,,,,,,0,0,0,0,0,,,,,,1
34082010,1,,0,1,1,1,1,,6,6,59,39,,0,1,1,1,1,,6,6,59,39,,0,0,0,0,0,,,,,,,0,0,0,0,0,,,,,,,0,1,1,1,1,,6,6,59,39,,0,0,0,0,0,,,,,,2
34082014,1,,0,1,1,1,1,,10,10,10,10,,0,1,1,1,1,,114,70,150,230,,0,0,0,0,0,,,,,,,0,0,0,0,0,,,,,,,1,0,0,0,0,,,,,,,0,0,0,0,0,,,,,,1
34082032,1,,0,0,0,0,0,,,,,,,0,0,1,0,1,,,11,6,,,0,0,0,0,0,,,,,,,0,0,0,0,0,,,,,,,0,0,0,0,0,,,,,,,0,0,0,0,0,,,,,,1
34102002,1,,0,0,0,0,0,,,,,,,0,0,1,1,1,,,2,12,4,,0,1,0,0,0,,8,,,,,0,0,0,0,0,,,,,,,0,0,0,0,0,,,,,,,0,0,0,0,0,,,,,,1
34102020,1,,0,0,0,0,0,,,,,,,0,1,1,1,1,,30,24,15,10,,0,0,0,0,0,,,,,,,0,0,0,0,0,,,,,,,0,0,0,1,0,,,,20,,,0,0,0,0,0,,,,,,2
34102056,1,,1,1,1,1,1,,1,1,1,1,,0,0,0,0,0,,,,,,,0,0,0,0,0,,,,,,,0,0,0,0,0,,,,,,,0,0,0,0,0,,,,,,,0,0,0,0,0,,,,,,
34141774,1,,0,0,0,0,0,,,,,,,0,0,0,0,0,,,,,,,0,0,1,0,0,,,20,,,,0,0,0,0,0,,,,,,,0,0,0,0,0,,,,,,,0,0,0,0,0,,,,,,1
34142092,1,,1,1,1,0,0,,4,2,,,,0,0,0,0,0,,,,,,,0,0,0,0,0,,,,,,,0,0,0,0,0,,,,,,,0,0,0,0,0,,,,,,,0,0,0,0,0,,,,,,
34161996,1,,0,0,1,0,1,,,2,,5,,0,1,1,1,1,,50,100,7,10,,0,0,0,0,0,,,,,,,0,0,0,0,0,,,,,,,0,0,0,0,0,,,,,,,0,0,0,0,0,,,,,,2
34182010,1,,0,0,0,0,0,,,,,,,0,1,1,1,1,,40,10,5,19,,0,0,0,0,0,,,,,,,0,0,0,0,0,,,,,,,0,0,0,0,0,,,,,,,0,0,0,0,0,,,,,,1
34182024,1,,0,0,0,0,0,,,,,,,1,1,1,1,1,,9,4,6,12,,0,1,1,1,1,,90,107,56,10,,0,0,0,0,0,,,,,,,0,0,0,0,0,,,,,,,0,0,0,0,0,,,,,,2
34221826,1,,0,0,0,0,0,,,,,,,0,0,0,0,0,,,,,,,0,1,0,0,0,,7,,,,,0,0,0,0,0,,,,,,,0,0,0,0,0,,,,,,,0,0,0,0,0,,,,,,1
34222010,1,,0,0,0,0,0,,,,,,,1,1,1,0,1,,11,9,63,,,0,0,0,0,0,,,,,,,0,0,0,0,0,,,,,,,0,0,0,0,0,,,,,,,0,0,0,0,0,,,,,,2
34242026,1,,0,0,0,0,0,,,,,,,1,1,1,1,1,,108,35,10,15,,0,0,0,0,1,,,,,100,,0,0,0,0,0,,,,,,,1,1,1,1,1,,108,35,10,15,,0,0,0,0,0,,,,,,1
34242272,1,,,,,,,,,,,,,,,,,,,,,,,,,,,,,,,,,,,,1,,1,,,1,,20,,,,,,,,,,,,,,,,,,,,,,,,
34342008,1,,0,0,0,0,0,,,,,,,0,1,1,1,1,,2,4,4,10,,0,0,0,0,0,,,,,,,0,0,0,0,0,,,,,,,0,0,0,0,0,,,,,,,0,0,0,0,0,,,,,,1
34401998,1,,0,0,0,0,0,,,,,,,1,1,1,1,1,,15,2,6,15,,0,1,1,1,1,,15,14,15,20,,0,0,0,0,1,,,,,35,,0,0,0,0,0,,,,,,,0,0,0,0,0,,,,,,3
34422044,1,,0,0,0,0,0,,,,,,,0,1,1,1,1,,80,34,32,150,,0,0,0,0,1,,,,,160,,0,0,0,0,0,,,,,,,0,0,0,0,0,,,,,,,0,0,0,0,0,,,,,,1
34442068,1,,0,1,1,1,1,,15,25,6,12,,0,1,1,1,1,,26,55,50,22,,0,1,0,1,1,,58,,48,20,,0,0,0,0,0,,,,,,,0,0,0,0,0,,,,,,,0,0,0,0,0,,,,,,1
34442770,1,,0,0,0,0,0,,,,,,,0,0,1,0,0,,,1,,,,0,0,0,0,0,,,,,,,0,0,0,0,0,,,,,,,0,0,0,0,0,,,,,,,0,0,0,0,0,,,,,,1
34482058,1,,0,1,1,1,1,,10,10,10,10,,0,0,0,0,1,,,,80,,,0,0,0,0,0,,,,,,,0,0,0,0,0,,,,,,,0,0,0,0,0,,,,,,,0,0,0,0,0,,,,,,1
34522014,1,,0,0,0,0,0,,,,,,,1,1,1,1,1,,2,2,2,2,,0,1,1,1,1,,50,30,30,100,,0,0,0,0,0,,,,,,,0,0,0,0,0,,,,,,,0,0,0,0,0,,,,,,2
34522050,1,,0,0,0,0,0,,,,,,,0,0,0,1,1,,,,10,30,,0,0,0,1,1,,,,22,52,,0,0,0,0,0,,,,,,,0,0,0,0,0,,,,,,,0,0,0,0,0,,,,,,1
34522054,1,,0,1,1,1,1,,10,15,20,15,,0,0,0,0,0,,,,,,,0,1,1,1,1,,215,140,250,250,,0,0,0,0,0,,,,,,,0,0,0,0,0,,,,,,,0,0,0,0,1,,,,,300,2
34542034,1,,0,0,0,0,0,,,,,,,0,0,0,0,0,,,,,,,0,0,1,0,0,,,26,,,,0,0,0,0,0,,,,,,,0,0,1,0,0,,,50,,,,0,0,0,0,0,,,,,,1
34702098,1,,0,0,0,0,0,,,,,,,1,1,1,1,1,,1,1,5,5,,0,0,0,0,0,,,,,,,0,0,0,0,0,,,,,,,0,0,0,0,0,,,,,,,0,0,0,0,0,,,,,,3
34743334,1,,0,0,0,0,0,,,,,,,1,0,0,0,0,,,,,,,0,0,0,0,0,,,,,,,0,0,0,0,0,,,,,,,0,0,0,0,0,,,,,,,0,0,0,0,0,,,,,,2
34843674,1,,0,0,0,0,0,,,,,,,0,0,0,0,0,,,,,,,0,0,0,0,0,,,,,,,0,0,0,1,1,,,,200,200,,0,0,0,0,0,,,,,,,0,0,0,0,0,,,,,,
34882040,1,,0,0,0,0,0,,,,,,,0,1,0,0,0,,90,,,,,0,0,0,0,0,,,,,,,0,0,0,0,0,,,,,,,0,0,0,0,0,,,,,,,0,0,0,0,0,,,,,,1
34902366,1,,0,0,0,0,0,,,,,,,1,0,0,0,0,,,,,,,0,0,0,0,0,,,,,,,0,0,0,0,0,,,,,,,0,0,0,0,0,,,,,,,0,0,0,0,0,,,,,,1
34922668,1,,0,0,1,0,0,,,80,,,,0,0,0,0,0,,,,,,,0,0,0,0,0,,,,,,,0,0,0,0,0,,,,,,,0,0,0,0,0,,,,,,,0,0,0,0,0,,,,,,
34983770,1,,0,0,0,0,0,,,,,,,1,1,1,1,1,,0,0,0,0,,0,0,0,0,0,,,,,,,0,0,0,0,0,,,,,,,0,0,0,0,0,,,,,,,0,0,0,0,0,,,,,,3
35042362,1,,0,0,0,0,0,,,,,,,0,0,0,0,0,,,,,,,0,0,0,0,0,,,,,,,0,0,0,0,0,,,,,,,0,0,0,0,0,,,,,,,0,0,0,0,0,,,,,,
35163756,1,,0,0,0,0,0,,,,,,,0,0,0,0,0,,,,,,,0,0,0,0,0,,,,,,,0,1,0,0,0,,45,,,,,0,0,0,0,0,,,,,,,0,0,0,0,0,,,,,,
35222116,1,,1,0,0,0,0,,,,,,,0,0,1,1,0,,,0,,0,,0,0,0,0,0,,,,,,,0,0,0,0,0,,,,,,,0,0,0,0,0,,,,,,,0,0,0,0,0,,,,,,1
35222880,1,,0,0,0,0,0,,,,,,,0,0,0,0,0,,,,,,,0,1,1,0,0,,25,25,,,,0,0,0,0,0,,,,,,,0,0,0,0,0,,,,,,,0,0,0,0,0,,,,,,1
35263590,1,,0,0,0,0,0,,,,,,,0,0,0,0,0,,,,,,,0,0,0,0,0,,,,,,,0,0,0,1,0,,,,30,,,0,0,0,0,0,,,,,,,0,0,0,0,0,,,,,,
35263752,1,,0,0,0,0,0,,,,,,,0,1,0,1,1,,14,,25,250,,0,0,0,0,0,,,,,,,0,0,0,0,0,,,,,,,0,0,0,0,0,,,,,,,0,0,0,0,0,,,,,,3
35282092,1,,0,0,1,0,1,,,2,,2,,0,0,0,0,0,,,,,,,0,0,0,0,0,,,,,,,0,0,0,0,0,,,,,,,0,0,0,0,0,,,,,,,0,0,0,0,0,,,,,,
35363754,1,,0,0,0,0,0,,,,,,,0,0,0,0,1,,,,60,,,0,0,0,0,0,,,,,,,0,0,0,0,0,,,,,,,0,0,0,0,0,,,,,,,0,0,0,0,0,,,,,,3
35423508,1,,0,1,1,0,1,,30,6,,8,,0,0,0,0,0,,,,,,,0,0,0,0,0,,,,,,,0,0,0,0,0,,,,,,,0,0,0,0,0,,,,,,,0,0,0,0,0,,,,,,
35582116,1,,1,1,1,1,1,,0,0,0,0,,0,0,0,0,0,,,,,,,0,0,0,0,0,,,,,,,0,0,0,0,0,,,,,,,1,1,1,1,1,,0,0,0,0,,0,0,0,0,0,,,,,,
35702144,1,,0,0,0,0,0,,,,,,,0,1,0,0,1,,2,,20,,,0,0,0,0,0,,,,,,,0,0,0,0,0,,,,,,,0,0,0,0,0,,,,,,,0,0,0,0,0,,,,,,1
35742526,1,,0,0,0,0,0,,,,,,,0,0,0,0,0,,,,,,,0,0,0,0,0,,,,,,,0,0,0,0,1,,,,,15,,0,0,0,0,0,,,,,,,0,0,0,0,0,,,,,,
35842082,1,,0,1,0,0,0,,120,,,,,0,0,0,0,0,,,,,,,0,0,0,0,0,,,,,,,0,0,0,0,0,,,,,,,0,0,0,0,0,,,,,,,0,0,0,0,0,,,,,,
35862110,1,,0,0,0,0,0,,,,,,,0,0,0,0,0,,,,,,,0,0,0,0,0,,,,,,,0,0,0,1,1,,,,3,3,,0,0,0,0,0,,,,,,,0,0,0,0,0,,,,,,
35962500,1,,0,0,0,0,0,,,,,,,0,0,0,0,0,,,,,,,0,0,0,0,0,,,,,,,0,0,1,0,0,,,1,,,,0,0,0,0,0,,,,,,,0,0,0,0,0,,,,,,
35962788,1,,0,0,0,0,0,,,,,,,0,0,0,0,0,,,,,,,0,0,0,0,0,,,,,,,0,0,0,0,0,,,,,,,1,1,1,1,1,,2,2,2,2,,0,0,0,0,0,,,,,,
36022316,1,,0,0,0,0,0,,,,,,,0,0,0,1,1,,,,10,10,,0,0,0,0,0,,,,,,,0,0,0,0,0,,,,,,,0,0,0,0,1,,,,,170,,0,0,0,0,0,,,,,,1
36102580,1,,0,0,0,0,0,,,,,,,0,0,0,0,0,,,,,,,1,0,0,0,0,,,,,,,0,0,0,0,0,,,,,,,0,0,0,0,0,,,,,,,0,0,0,0,0,,,,,,1
36162060,1,,1,0,1,1,0,,,5,5,,,0,0,0,0,0,,,,,,,0,0,0,0,0,,,,,,,0,0,0,0,0,,,,,,,0,0,0,0,0,,,,,,,0,0,0,0,0,,,,,,
36182164,1,,1,0,0,0,0,,,,,,,1,0,0,0,0,,,,,,,0,0,0,0,0,,,,,,,0,0,0,0,0,,,,,,,0,0,0,0,0,,,,,,,0,0,0,0,0,,,,,,1
36182182,1,,0,0,0,0,0,,,,,,,0,0,0,0,0,,,,,,,0,0,0,0,0,,,,,,,0,0,1,0,0,,,15,,,,0,0,0,0,0,,,,,,,0,0,0,0,0,,,,,,
36202514,1,,0,0,0,0,0,,,,,,,0,0,0,0,0,,,,,,,0,0,0,1,0,,,,12,,,0,0,0,0,0,,,,,,,0,0,0,0,0,,,,,,,0,0,0,0,0,,,,,,1
36282174,1,,0,1,1,1,0,,20,10,5,,,0,0,0,0,0,,,,,,,0,0,0,0,0,,,,,,,0,0,0,0,0,,,,,,,0,0,0,0,0,,,,,,,0,0,0,0,0,,,,,,
36302074,1,,0,0,0,0,0,,,,,,,0,0,0,0,0,,,,,,,0,0,0,0,0,,,,,,,0,1,0,0,1,,10,,,20,,0,0,0,0,0,,,,,,,0,0,0,0,0,,,,,,
36322180,1,,1,0,0,0,0,,,,,,,0,0,0,0,0,,,,,,,0,0,0,0,0,,,,,,,0,0,0,0,0,,,,,,,0,0,0,0,0,,,,,,,0,0,0,0,0,,,,,,
36342154,1,,0,1,0,0,0,,10,,,,,0,0,0,0,0,,,,,,,0,0,0,0,0,,,,,,,0,0,0,0,0,,,,,,,0,0,0,0,0,,,,,,,0,0,0,0,0,,,,,,
36362146,1,,1,1,1,0,1,,2,5,,4,,0,0,0,0,0,,,,,,,0,0,0,0,0,,,,,,,0,0,0,0,0,,,,,,,0,0,0,0,0,,,,,,,0,0,0,0,0,,,,,,
36382078,1,,0,1,1,0,0,,50,50,,,,1,1,1,1,1,,1,1,1,1,,0,0,0,0,0,,,,,,,0,0,0,0,0,,,,,,,0,0,0,0,0,,,,,,,0,0,0,0,0,,,,,,3
36422180,1,,1,0,0,0,0,,,,,,,0,0,0,0,0,,,,,,,0,0,0,0,0,,,,,,,0,0,0,0,0,,,,,,,0,0,0,0,0,,,,,,,0,0,0,0,0,,,,,,
36482268,1,,0,0,0,0,0,,,,,,,0,1,0,0,1,,1,,1,,,0,0,0,0,0,,,,,,,0,0,0,0,0,,,,,,,0,0,0,0,0,,,,,,,0,0,0,0,0,,,,,,1
36582164,1,,0,0,0,1,0,,,,11,,,0,0,0,0,1,,,,12,,,0,0,0,0,0,,,,,,,0,0,0,0,0,,,,,,,0,0,0,0,0,,,,,,,0,0,0,0,0,,,,,,1
36722164,1,,0,0,0,0,0,,,,,,,0,0,0,0,0,,,,,,,0,1,0,1,0,,5,,2,,,0,0,0,0,0,,,,,,,0,0,0,0,0,,,,,,,0,0,0,0,0,,,,,,1
36742172,1,,0,1,0,0,1,,8,,,8,,0,0,0,0,0,,,,,,,0,0,0,0,0,,,,,,,0,0,0,0,0,,,,,,,0,0,0,0,0,,,,,,,0,0,0,0,0,,,,,,
36762848,1,,0,0,0,0,0,,,,,,,0,0,0,1,0,,,,,1,,0,0,0,0,0,,,,,,,0,0,0,0,0,,,,,,,0,0,0,0,0,,,,,,,0,0,0,0,0,,,,,,1
36782654,1,,0,0,0,0,0,,,,,,,0,1,0,1,0,,20,,,15,,0,0,0,0,0,,,,,,,0,0,0,0,0,,,,,,,0,0,0,0,0,,,,,,,0,0,0,0,0,,,,,,1
36782982,1,,0,0,0,0,0,,,,,,,1,1,1,1,1,,1,1,1,1,,0,0,0,0,0,,,,,,,0,0,0,0,0,,,,,,,0,0,0,0,0,,,,,,,0,0,0,0,0,,,,,,1
36842110,1,,0,0,0,0,0,,,,,,,0,0,0,1,0,,,,,5,,0,0,0,0,0,,,,,,,0,0,0,0,0,,,,,,,0,0,0,0,0,,,,,,,0,0,0,0,0,,,,,,1
36963018,1,,0,0,0,0,0,,,,,,,0,0,1,0,0,,,25,,,,0,0,0,0,0,,,,,,,0,0,0,0,0,,,,,,,0,0,0,0,0,,,,,,,0,0,0,0,0,,,,,,1
37023016,1,,0,0,0,0,0,,,,,,,0,0,0,0,1,,,,15,,,0,0,0,0,0,,,,,,,0,0,0,0,0,,,,,,,0,0,0,0,0,,,,,,,0,0,0,0,0,,,,,,1
37082290,1,,0,0,0,0,0,,,,,,,0,0,0,0,0,,,,,,,0,1,1,0,0,,10,20,,,,0,0,0,0,0,,,,,,,0,0,0,0,0,,,,,,,0,0,0,0,0,,,,,,1
37262440,1,,0,0,0,0,0,,,,,,,0,1,0,0,0,,50,,,,,0,0,0,0,0,,,,,,,0,0,0,0,0,,,,,,,0,0,0,0,0,,,,,,,0,0,0,0,0,,,,,,1
37382484,1,,0,0,0,0,0,,,,,,,0,0,0,0,0,,,,,,,0,0,0,0,0,,,,,,,0,0,0,0,1,,,,,20,,0,0,0,0,0,,,,,,,0,0,0,0,0,,,,,,
37683112,1,,0,0,0,0,0,,,,,,,0,1,0,0,0,,100,,,,,0,0,0,0,0,,,,,,,0,0,0,0,0,,,,,,,0,0,0,0,0,,,,,,,0,0,0,0,0,,,,,,1
37742430,1,,,,,,,,,,,,,,,,,,,,,,,,,,,,,,,,,,,,,1,,,,,42,,,,,,,,,,,,,,,,,,,,,,,,,
37782982,1,,0,0,0,0,0,,,,,,,0,1,1,0,0,,1,1,,,,0,0,0,0,0,,,,,,,0,0,0,0,0,,,,,,,0,0,0,0,0,,,,,,,0,0,0,0,0,,,,,,3
37822906,1,,0,0,0,0,0,,,,,,,0,0,0,0,0,,,,,,,1,0,0,0,0,,,,,,,0,0,0,0,0,,,,,,,0,0,0,0,0,,,,,,,0,0,0,0,0,,,,,,3
37822910,1,,0,0,0,0,0,,,,,,,0,0,0,0,0,,,,,,,0,1,0,0,0,,30,,,,,0,0,0,0,0,,,,,,,0,0,0,0,0,,,,,,,0,0,0,0,0,,,,,,2
37902900,1,,0,0,0,0,0,,,,,,,0,0,0,0,0,,,,,,,1,0,0,0,0,,,,,,,0,0,0,0,0,,,,,,,0,0,0,0,0,,,,,,,0,0,0,0,0,,,,,,2
37942882,1,,0,0,0,0,0,,,,,,,0,0,0,0,0,,,,,,,0,0,0,0,0,,,,,,,1,0,1,0,0,,,2,,,,0,0,0,0,0,,,,,,,0,0,0,0,0,,,,,,
38002892,1,,0,0,0,0,0,,,,,,,0,0,0,0,0,,,,,,,1,0,0,0,0,,,,,,,0,0,0,0,0,,,,,,,0,0,0,0,0,,,,,,,0,0,0,0,0,,,,,,1
38102884,1,,0,0,0,0,0,,,,,,,1,0,0,0,0,,,,,,,0,0,0,0,0,,,,,,,0,0,0,0,0,,,,,,,0,0,0,0,0,,,,,,,0,0,0,0,0,,,,,,1
38343016,1,,0,0,0,0,0,,,,,,,0,1,0,1,0,,50,,,40,,0,0,0,0,0,,,,,,,0,0,0,0,0,,,,,,,0,0,0,0,0,,,,,,,0,0,0,0,0,,,,,,1
38382362,1,,0,0,0,0,0,,,,,,,0,0,0,0,0,,,,,,,1,0,1,0,0,,,5,,,,0,0,0,0,0,,,,,,,0,0,0,0,0,,,,,,,0,0,0,0,0,,,,,,1
38622382,1,,0,0,0,0,0,,,,,,,1,0,0,0,0,,,,,,,0,0,0,0,0,,,,,,,0,0,0,0,0,,,,,,,0,0,0,0,0,,,,,,,0,0,0,0,0,,,,,,1
38682376,1,,1,0,0,0,0,,,,,,,0,0,0,0,0,,,,,,,0,0,0,0,0,,,,,,,0,0,0,0,0,,,,,,,0,0,0,0,0,,,,,,,0,0,0,0,0,,,,,,
38842342,1,,0,0,0,0,0,,,,,,,0,0,0,1,0,,,,,5,,0,0,0,0,0,,,,,,,0,0,0,0,0,,,,,,,0,0,0,0,0,,,,,,,0,0,0,0,0,,,,,,1
38902676,1,,0,0,0,0,0,,,,,,,0,0,1,1,0,,,15,,15,,0,0,0,0,0,,,,,,,0,0,0,0,0,,,,,,,0,0,0,0,0,,,,,,,0,0,0,0,0,,,,,,1
39222348,1,,0,0,0,0,0,,,,,,,1,1,1,1,1,,1,1,1,1,,0,0,0,0,0,,,,,,,0,0,0,0,0,,,,,,,0,0,0,0,0,,,,,,,0,0,0,0,0,,,,,,3
39222928,1,,0,0,0,0,0,,,,,,,0,1,0,0,0,,100,,,,,0,0,0,0,0,,,,,,,0,0,0,0,0,,,,,,,0,0,0,0,0,,,,,,,0,0,0,0,0,,,,,,2
39402906,1,,0,0,0,0,0,,,,,,,1,1,1,1,1,,1,1,1,1,,0,0,0,0,0,,,,,,,0,0,0,0,0,,,,,,,0,0,0,0,0,,,,,,,0,0,0,0,0,,,,,,3
39482550,1,,0,0,0,0,0,,,,,,,0,1,0,0,0,,80,,,,,0,0,0,0,0,,,,,,,0,0,0,0,0,,,,,,,0,0,0,0,0,,,,,,,0,0,0,0,0,,,,,,2
39602308,1,,0,0,0,0,0,,,,,,,1,1,1,1,1,,1,1,1,1,,0,0,0,0,0,,,,,,,0,0,0,0,0,,,,,,,0,0,0,0,1,,,,,90,,0,0,0,0,0,,,,,,3
39602980,1,,0,0,0,0,0,,,,,,,0,0,0,0,0,,,,,,,0,0,0,0,0,,,,,,,1,1,1,1,1,,100,100,100,50,,0,0,0,0,0,,,,,,,0,0,0,0,0,,,,,,
39622460,1,,0,0,0,0,0,,,,,,,0,0,0,0,0,,,,,,,0,0,0,0,0,,,,,,,0,0,0,1,0,,,,15,,,0,0,0,0,0,,,,,,,0,0,0,0,0,,,,,,
39662932,1,,0,0,1,1,1,,,2,3,1,,0,0,1,0,0,,,2,,,,0,0,0,0,0,,,,,,,0,0,0,0,0,,,,,,,0,0,0,0,0,,,,,,,0,0,0,0,0,,,,,,1
39742324,1,,0,0,0,0,0,,,,,,,0,1,0,0,0,,15,,,,,0,0,0,0,0,,,,,,,0,0,0,0,0,,,,,,,0,1,0,0,0,,15,,,,,0,0,0,0,0,,,,,,1
39842378,1,,0,0,0,0,0,,,,,,,0,0,0,0,0,,,,,,,0,1,1,0,0,,40,150,,,,0,0,0,0,0,,,,,,,0,0,0,0,0,,,,,,,0,0,0,0,0,,,,,,1
39882832,1,,0,0,0,0,0,,,,,,,0,0,0,0,0,,,,,,,0,0,0,0,0,,,,,,,0,0,0,0,0,,,,,,,0,0,0,0,0,,,,,,,0,0,0,0,0,,,,,,
39942370,1,,0,0,0,0,0,,,,,,,0,0,0,0,0,,,,,,,1,1,1,1,1,,0,60,35,2,,0,0,0,0,0,,,,,,,0,0,0,0,0,,,,,,,0,0,0,0,0,,,,,,2
39962378,1,,0,0,0,0,0,,,,,,,0,0,0,0,0,,,,,,,0,0,0,0,0,,,,,,,0,1,0,0,1,,35,,,25,,0,0,0,0,0,,,,,,,0,0,0,0,0,,,,,,
40022234,1,,0,0,0,0,0,,,,,,,0,1,0,0,1,,2,,1,,,0,0,0,0,0,,,,,,,0,0,0,0,0,,,,,,,0,0,0,0,0,,,,,,,0,0,0,0,0,,,,,,1
40202234,1,,0,0,0,0,0,,,,,,,0,0,0,0,0,,,,,,,0,0,0,0,0,,,,,,,0,0,0,1,0,,,,4,,,0,0,0,0,0,,,,,,,0,0,0,0,0,,,,,,
40203058,1,,0,0,0,0,0,,,,,,,0,0,0,0,0,,,,,,,0,0,0,0,0,,,,,,,1,1,0,0,1,,40,,,40,,0,0,0,0,0,,,,,,,0,0,0,0,0,,,,,,
40203238,1,,,,,,,,,,,,,,,,,,,,,,,,,,1,,,,,0,,,,,,,,,,,,,,,,,,,,,,,,,,,,,,,,,,,,1
40223276,1,,,,,,,,,,,,,,,,,,,,,,,,,,,,,,,,,,,,,,,,,,,,,,,,,,1,,,,,80,,,,,,,,,,,,
40362476,1,,0,1,0,0,0,,15,,,,,0,0,0,0,0,,,,,,,0,0,0,0,0,,,,,,,0,0,0,0,0,,,,,,,0,0,0,0,0,,,,,,,0,0,0,0,0,,,,,,
40422976,1,,0,0,0,0,0,,,,,,,0,0,0,0,0,,,,,,,0,0,0,1,0,,,,60,,,0,0,0,0,0,,,,,,,0,0,0,0,0,,,,,,,0,0,0,0,0,,,,,,1
40502974,1,,0,0,0,0,0,,,,,,,1,0,0,0,0,,,,,,,0,0,0,0,0,,,,,,,0,0,0,0,0,,,,,,,0,0,0,0,0,,,,,,,0,0,0,0,0,,,,,,1
40542404,1,,0,0,0,0,0,,,,,,,0,0,0,0,0,,,,,,,0,0,0,0,0,,,,,,,1,1,1,1,1,,1,1,1,1,,0,0,0,0,0,,,,,,,0,0,0,0,0,,,,,,
40562500,1,,0,0,0,1,0,,,,15,,,0,0,0,0,0,,,,,,,0,0,0,0,0,,,,,,,0,0,0,0,0,,,,,,,0,0,0,0,0,,,,,,,0,0,0,0,0,,,,,,
40862974,1,,,,,,,,,,,,,,,,,,,,,,,,,,,,,,,,,,,,,,,,,,,,,,,,,,1,,,,,22,,,,,,,,,,,,
41003008,1,,,,,,,,,,,,,,,,,,,,,,,,,1,,,,,50,,,,,,,,,,,,,,,,,,,,,,,,,,,,,,,,,,,,,1
41142432,1,,0,0,0,0,0,,,,,,,0,0,0,0,0,,,,,,,0,0,0,0,0,,,,,,,0,0,1,0,0,,,250,,,,0,0,0,0,0,,,,,,,0,0,0,0,0,,,,,,
41323026,1,,,,,,,,,,,,,,,,,,,,,,,,,,,,,,,,,,,,,,,,,,,,,,,1,,,,,25,,,,,,,,,,,,,,,
41402524,1,,0,0,0,0,0,,,,,,,0,0,0,0,0,,,,,,,0,0,0,0,0,,,,,,,0,1,0,0,0,,20,,,,,0,0,0,0,0,,,,,,,0,0,0,0,0,,,,,,
41643072,1,,,,,,1,,,,,3,,,,,,,,,,,,,,,,,,,,,,,,,,,,,,,,,,,,,,,,,,,,3,,,,,,,,,,,,
41703214,1,,,0,,,,,,,,,,1,,,1,1,,,,48,50,,,,,,,,,,,,,,,,,,,,,,,,,,,,,,,,,,,,,,,,,,,,,
41782970,1,,,,,,,,,,,,,,,,,,,,,,,,,,,,,,,,,,,,,,,,,,,,,,,1,,1,,,80,,70,,,,,,,,,,,,,
41783234,1,,,,,,,,,,,,,,,,,,,,,,,,,,,,,,,,,,,,,,1,,,,,3,,,,,,,,,,,,,,,,,,,,,,,,
41882386,1,,0,0,0,1,0,,,,5,,,0,0,0,0,0,,,,,,,0,0,0,0,0,,,,,,,0,0,0,0,0,,,,,,,0,0,0,0,0,,,,,,,0,0,0,0,0,,,,,,
41923186,1,,,,,,1,,,,,90,,,,,,1,,,,75,,,,,,,,,,,,,,,,,,,,,,,,,,,,,,,,,,,,,,,,,,,,,,
41963126,1,,,1,0,,,,80,,,,,,,,,,,,,,,,,,,,,,,,,,,,,,,,,,,,,,,,,,,,,,,,,,,,,,,,,,,
42321952,1,,1,0,1,0,0,,,20,,,,0,0,0,0,0,,,,,,,0,0,0,0,0,,,,,,,0,0,0,0,0,,,,,,,0,0,0,0,0,,,,,,,0,0,0,0,0,,,,,,
42723238,1,,,,,,,,,,,,,,,,,,,,,,,,,,,,,,,,,,,,,,,,,,,,,,,,,1,,,,,175,,,,,,,,,,,,,
43263238,1,,,,,,,,,,,,,,,,,,,,,,,,,,,,,,,,,,,,,,,,,,,,,,,,,,,,,,,,,0,,1,,0,,,4,,,
43303710,1,,,,,,,,,,,,,,,1,,,,,20,,,,,,,,,,,,,,,,,,,,,,,,,,,,,,,,,,,,,,,,,,,,,,,3
43342756,1,,,,,,,,,,,,,0,1,,,,,5,,,,,,,,,,,,,,,,,,,,,,,,,,,,,,,,,,,,,,,,,,,,,,,,1
43363252,1,,,,,,,,,,,,,,,,,,,,,,,,,,,,,,,,,,,,,,,,,,,,,,,,,,,,,,,,,,,1,,,,,250,,,
43562686,1,,,,,,,,,,,,,,,,,,,,,,,,,,,,,,,,,,,1,1,1,1,1,,0,0,0,0,,,,,,,,,,,,,,,,,,,,,,,
43583708,1,,,,,,,,,,,,,,,,,,,,,,,,,,,,,,,,,,,,,,,,,,,,,,,,,,,,,,,,,1,,,,,,,,,,
43623216,1,,,,,,,,,,,,,,,,,,,,,,,,,,,,,,,,,,,,,,,,,,,,,,,,,,,,,,,,,,0,1,,,,,70,,,
43662688,1,,,,,,,,,,,,,,,,,,,,,,,,,,,,,,,,,,,1,1,1,1,1,,0,0,0,0,,,,,,,,,,,,,,,,,,,,,,,
43742350,1,,0,0,0,0,0,,,,,,,0,0,0,0,0,,,,,,,0,0,0,0,0,,,,,,,0,1,0,0,0,,2,,,,,0,0,0,0,0,,,,,,,0,0,0,0,0,,,,,,
43842966,1,,,,,,,,,,,,,,,,,1,,,,20,,,,,,,,,,,,,,,,,,,,,,,,,,,,,,,,,,,,,,,,,,,,,,1
43902682,1,,,,,,,,,,,,,,,,,,,,,,,,,,,,,,,,,,,1,1,1,1,1,,0,0,0,0,,,,,,,,,,,,,,,,,,,,,,,
43942340,1,,0,0,1,0,0,,,10,,,,0,0,0,0,0,,,,,,,0,0,0,0,0,,,,,,,0,0,0,0,0,,,,,,,0,0,0,0,0,,,,,,,0,0,0,0,0,,,,,,
43942616,1,,1,0,0,0,0,,,,,,,0,0,0,0,0,,,,,,,0,0,0,0,0,,,,,,,0,0,0,0,0,,,,,,,0,0,0,0,0,,,,,,,0,0,0,0,0,,,,,,
43962488,1,,0,0,0,0,0,,,,,,,0,1,0,0,0,,80,,,,,0,0,0,0,0,,,,,,,0,0,0,0,0,,,,,,,0,0,0,0,0,,,,,,,0,0,0,0,0,,,,,,1
44002614,1,,0,0,1,0,0,,,3,,,,0,0,0,0,0,,,,,,,0,0,0,0,0,,,,,,,0,0,0,0,0,,,,,,,0,0,0,0,0,,,,,,,0,0,0,0,0,,,,,,
44122456,1,,0,0,0,0,0,,,,,,,0,0,0,0,1,,,,50,,,0,0,0,0,0,,,,,,,0,0,0,0,0,,,,,,,0,0,0,0,0,,,,,,,0,0,0,0,0,,,,,,3
44242414,1,,0,0,0,0,0,,,,,,,0,0,0,0,0,,,,,,,0,0,0,0,0,,,,,,,0,0,0,0,0,,,,,,,0,1,1,0,0,,30,30,,,,0,0,0,0,0,,,,,,
44382364,1,,0,0,0,0,0,,,,,,,0,0,0,0,0,,,,,,,0,0,0,0,0,,,,,,,0,1,1,0,0,,58,18,,,,0,0,0,0,0,,,,,,,0,0,0,0,0,,,,,,
44382648,1,,0,1,1,0,0,,5,15,,,,0,0,0,0,0,,,,,,,0,0,0,0,0,,,,,,,0,0,0,0,0,,,,,,,0,0,0,0,0,,,,,,,0,0,0,0,0,,,,,,
44422360,1,,0,0,0,0,0,,,,,,,0,0,0,0,0,,,,,,,0,0,0,0,0,,,,,,,1,1,1,1,1,,170,2,3,3,,0,0,0,0,0,,,,,,,0,0,0,0,0,,,,,,
44422810,1,,,0,,,,,,,,,,,1,,,,,50,,,,,,,,,,,,,,,,,,,,,,,,,,,,,,,,,,,,,,,,,,,,,,,,
44462354,1,,0,0,0,0,0,,,,,,,0,0,0,0,0,,,,,,,0,0,0,0,0,,,,,,,0,0,1,0,0,,,215,,,,0,0,0,0,0,,,,,,,0,0,0,0,0,,,,,,
44523270,1,,,,,,,,,,,,,1,1,1,1,1,,100,50,40,200,,,,,,,,,,,,,,,,,,,,,,,,,,,,,,,,,,,,,,,,,,,,,3
44562702,1,,,,,,,,,,,,,,,,,,,,,,,,,,,,,,,,,,,1,1,1,1,1,,0,0,0,0,,,,,,,,,,,,,,,,,,,,,,,
44622708,1,,,,,,,,,,,,,,,,,,,,,,,,,,,,,,,,,,,1,1,1,1,1,,0,0,0,0,,,,,,,,,,,,,,,,,,,,,,,
44662698,1,,,,,,,,,,,,,,,,,,,,,,,,,,,,,,,,,,,1,1,1,1,0,,50,50,50,,,,,,,,,,,,,,,,,,,,,,,,
44742570,1,,0,0,0,0,0,,,,,,,0,0,0,0,0,,,,,,,0,0,0,0,0,,,,,,,0,0,0,0,1,,,,,15,,0,0,0,0,0,,,,,,,0,0,0,0,0,,,,,,
44742732,1,,,,,,,,,,,,,,,,,,,,,,,,,,,,,,,,,,,1,1,,,1,,20,,,20,,,,,,,,,,,,,,,,,,,,,,,
44803756,1,,,,,,,,,,,,,1,,,1,1,,,,40,20,,,,,,,,,,,,,,,,,,,,,,,,,,,,,,,,,,,,,,,,,,,,,3
44862710,1,,,,,,,,,,,,,,,,,,,,,,,,,,,,,,,,,,,,1,1,1,1,,15,60,60,15,,,,,,,,,,,,,,,,,,,,,,,
44863766,1,,,,,,,,,,,,,,1,,,,,20,,,,,,,,,,,,,,,,,,,,,,,,,,,,,,,,,,,,,,,,,,,,,,,,2
44882582,1,,0,0,0,0,0,,,,,,,0,0,0,0,0,,,,,,,0,0,0,0,0,,,,,,,0,0,0,0,1,,,,,25,,0,0,0,0,0,,,,,,,0,0,0,0,0,,,,,,
44922328,1,,0,0,0,0,0,,,,,,,0,0,0,0,0,,,,,,,0,0,0,0,1,,,,,25,,0,0,0,0,0,,,,,,,0,0,0,0,0,,,,,,,0,0,0,0,0,,,,,,1
44942712,1,,,,,,,,,,,,,,,,,,,,,,,,,,,1,,,,,10,,,,,,,,,,,,,,,,,,,,,,,,,,,,,,,,,,,
45042534,1,,0,0,1,1,0,,,55,55,,,0,0,0,0,0,,,,,,,0,0,0,0,0,,,,,,,0,0,0,0,0,,,,,,,0,0,0,0,0,,,,,,,0,0,0,0,0,,,,,,
45043316,1,,,,,,,,,,,,,,,,,,,,,,,,,,,,,,,,,,,,,,,,,,,,,,,,,,,,,,,,,,,,,1,,,,,200,
45102682,1,,,,,,,,,,,,,,,,,,,,,,,,,,,,,,,,,,,1,1,1,1,1,,0,0,0,0,,,,,,,,,,,,,,,,,,,,,,,
45102684,1,,,,,,,,,,,,,,,,,,,,,,,,,,,,,,,,,,,,,,1,,,,,40,,,,,,,,,,,,,,,,,,,,,,,,
45182714,1,,,,,,,,,,,,,,,,,,,,,,,,,,,,,,,,,,,1,1,1,1,1,,0,0,0,0,,,,,,,,,,,,,,,,,,,,,,,
45742568,1,,0,0,0,0,0,,,,,,,0,0,0,0,1,,,,5,,,0,0,0,0,0,,,,,,,0,0,0,0,0,,,,,,,0,0,0,0,0,,,,,,,0,0,0,0,0,,,,,,1
45802578,1,,0,0,1,1,0,,,20,30,,,0,0,0,0,0,,,,,,,0,0,0,0,0,,,,,,,0,0,0,0,0,,,,,,,0,0,0,0,0,,,,,,,0,0,0,0,0,,,,,,
45822832,1,,,,,,,,,,,,,1,1,,,,,1,,,,,,,,,,,,,,,,,,,,,,,,,,,,,,,,,,,,,,,,,,,,,,,,1
45862576,1,,0,0,0,0,0,,,,,,,0,0,0,0,0,,,,,,,0,0,0,0,0,,,,,,,1,1,1,1,1,,0,0,0,0,,0,0,0,0,0,,,,,,,0,0,0,0,0,,,,,,
45863868,1,,,,,,,,,,,,,,,,,,,,,,,,,,,,,,,,,,,,,,,,,,,,,,,,,,,,,,,,,,,,,,,,,,,
46001676,1,,1,1,0,0,1,,50,,,30,,0,0,1,0,0,,,300,,,,0,1,0,0,0,,210,,,,,0,0,0,0,0,,,,,,,0,0,0,0,0,,,,,,,0,0,0,0,0,,,,,,1
46002576,1,,0,0,0,0,0,,,,,,,0,0,0,0,0,,,,,,,0,0,0,0,0,,,,,,,1,1,1,1,1,,0,0,0,0,,0,0,0,0,0,,,,,,,0,0,0,0,0,,,,,,
46064098,1,,,,,,,,,,,,,,,,,,,,,,,,,,,,,,,,,,,,,,,,,,,,,,,,,,,,,,,,,,,,,,,,,,,
46081666,1,,0,0,0,0,0,,,,,,,0,0,0,0,1,,,,180,,,0,0,1,0,0,,,320,,,,0,0,0,0,0,,,,,,,0,0,0,0,0,,,,,,,0,0,0,0,0,,,,,,1
46082542,1,,0,0,0,0,0,,,,,,,0,0,0,0,0,,,,,,,0,0,0,0,0,,,,,,,1,1,1,1,1,,0,0,0,0,,0,0,0,0,0,,,,,,,0,0,0,0,0,,,,,,
46122606,1,,0,0,0,0,0,,,,,,,0,0,0,0,0,,,,,,,0,0,0,0,0,,,,,,,1,1,1,1,1,,0,0,0,0,,0,0,0,0,0,,,,,,,0,0,0,0,0,,,,,,
46142604,1,,0,0,0,0,0,,,,,,,0,0,0,0,0,,,,,,,0,0,0,0,0,,,,,,,1,1,1,1,1,,0,0,0,0,,0,0,0,0,0,,,,,,,0,0,0,0,0,,,,,,
46182544,1,,0,0,0,0,0,,,,,,,0,0,0,0,0,,,,,,,0,0,0,0,0,,,,,,,1,1,1,1,1,,0,0,0,0,,0,0,0,0,0,,,,,,,0,0,0,0,0,,,,,,
46182598,1,,0,0,0,0,0,,,,,,,0,0,0,0,0,,,,,,,0,0,0,0,0,,,,,,,1,1,1,1,1,,0,0,0,0,,0,0,0,0,0,,,,,,,0,0,0,0,0,,,,,,
46202584,1,,0,0,0,0,0,,,,,,,0,0,0,0,0,,,,,,,0,0,0,0,0,,,,,,,1,1,1,1,1,,0,0,0,0,,0,0,0,0,0,,,,,,,0,0,0,0,0,,,,,,
46222554,1,,0,0,0,0,0,,,,,,,0,0,0,0,0,,,,,,,0,0,0,0,0,,,,,,,1,1,1,1,1,,0,0,0,0,,0,0,0,0,0,,,,,,,0,0,0,0,0,,,,,,
46242762,1,,,,,,,,,,,,,,,,,,,,,,,,,,,,,,,,,,,1,1,1,1,1,,15,15,10,15,,,,,,,,,,,,,,,,,,,,,,,
46302152,1,,0,0,1,1,0,,,40,35,,,0,0,0,0,0,,,,,,,0,0,0,0,0,,,,,,,0,0,0,0,0,,,,,,,0,0,0,0,0,,,,,,,0,0,0,0,0,,,,,,
46302542,1,,0,0,0,0,0,,,,,,,0,0,0,0,0,,,,,,,0,0,0,0,0,,,,,,,1,1,1,1,1,,0,0,0,0,,0,0,0,0,0,,,,,,,0,0,0,0,0,,,,,,
46342566,1,,0,0,0,0,0,,,,,,,0,0,0,0,0,,,,,,,0,0,0,0,0,,,,,,,1,1,1,1,1,,0,0,0,0,,0,0,0,0,0,,,,,,,0,0,0,0,0,,,,,,
46381666,1,,0,0,0,0,1,,,,,400,,0,0,0,0,0,,,,,,,0,0,0,0,1,,,,,320,,0,0,0,0,0,,,,,,,0,0,0,0,0,,,,,,,0,0,0,0,0,,,,,,1
46401640,1,,0,0,0,0,0,,,,,,,0,1,0,0,0,,10,,,,,0,0,0,0,0,,,,,,,0,0,0,0,0,,,,,,,0,0,0,0,0,,,,,,,0,0,0,0,0,,,,,,1
46421596,1,,1,,,1,1,,,,3,10,,,,,,,,,,,,,,,,,,,,,,,,,,,,,,,,,,,,,,,,,,,,,,,,,,,,,,,,
46422496,1,,0,0,0,0,0,,,,,,,0,0,0,0,0,,,,,,,0,0,0,0,0,,,,,,,1,1,1,1,1,,0,0,0,0,,0,0,0,0,0,,,,,,,0,0,0,0,0,,,,,,
46502554,1,,0,0,0,0,0,,,,,,,0,0,0,0,0,,,,,,,0,0,0,0,0,,,,,,,1,1,1,1,1,,0,0,0,0,,0,0,0,0,0,,,,,,,0,0,0,0,0,,,,,,
46542526,1,,0,0,0,0,0,,,,,,,0,0,0,0,0,,,,,,,0,0,0,0,0,,,,,,,1,1,1,1,1,,0,0,0,0,,0,0,0,0,0,,,,,,,0,0,0,0,0,,,,,,
46582562,1,,0,0,0,0,0,,,,,,,0,0,0,0,0,,,,,,,0,0,0,0,0,,,,,,,1,1,1,1,1,,0,0,0,0,,0,0,0,0,0,,,,,,,0,0,0,0,0,,,,,,
46623028,1,,,,,,,,,,,,,1,,,,,,,,,,,,,,,,,,,,,,,,,,,,,,,,,,,,1,,,,,80,,,1,1,1,,,,100,100,,,1
46682546,1,,0,0,0,0,0,,,,,,,0,0,0,0,0,,,,,,,0,0,0,0,0,,,,,,,1,1,1,1,1,,0,0,0,0,,0,0,0,0,0,,,,,,,0,0,0,0,0,,,,,,
46702502,1,,0,0,0,0,0,,,,,,,0,0,0,0,0,,,,,,,0,0,0,0,0,,,,,,,1,1,1,1,1,,0,0,0,0,,0,0,0,0,0,,,,,,,0,0,0,0,0,,,,,,
46702596,1,,0,0,0,0,0,,,,,,,0,0,0,0,0,,,,,,,0,0,0,0,0,,,,,,,1,1,1,1,1,,0,0,0,0,,0,0,0,0,0,,,,,,,0,0,0,0,0,,,,,,
46762518,1,,,,,,,,,,,,,,,,,,,,,,,,,,,,,,,,,,,1,1,1,1,1,,0,0,0,0,,,,,,,,,,,,,,,,,,,,,,,
46762666,1,,,,,,,,,,,,,,,1,,,,,10,,,,,,,,,,,,,,,,,,,,,,,,,,,,,,,,,,,,,,,,,,,,,,,1
46801652,1,,0,0,0,0,1,,,,,390,,0,0,1,0,0,,,100,,,,0,0,1,0,0,,,420,,,,0,0,0,0,0,,,,,,,0,0,0,0,0,,,,,,,0,0,0,0,0,,,,,,1
46802588,1,,,,,,,,,,,,,,,,,,,,,,,,,,,,,,,,,,,1,1,1,1,1,,0,0,0,0,,,,,,,,,,,,,,,,,,,,,,,
46842534,1,,,,,,,,,,,,,,,,,,,,,,,,,,,,,,,,,,,1,1,1,1,1,,0,0,0,0,,,,,,,,,,,,,,,,,,,,,,,
46842602,1,,,,,,,,,,,,,,,,,,,,,,,,,,,,,,,,,,,,1,,,,,10,,,,,,,,,,,,,,,,,,,,,,,,,,
46862582,1,,,,,,,,,,,,,,,,,,,,,,,,,,,,,,,,,,,,,,1,,,,,20,,,,,,,,,,,,,,,,,,,,,,,,
46862586,1,,,,,,,,,,,,,,,,,,,,,,,,,,,,,,,,,,,1,1,1,1,1,,0,0,0,0,,,,,,,,,,,,,,,,,,,,,,,
46882592,1,,,,,,,,,,,,,,,,,,,,,,,,,,,,,,,,,,,1,,1,1,1,,,0,0,0,,,,,,,,,,,,,,,,,,,,,,,
46882650,1,,,,,,,,,,,,,,,,,1,,,,3,,,,,,,,,,,,,,,,,,,,,,,,,,,,,,,,,,,,,,,,,,,,,,
46902580,1,,,,,,,,,,,,,,,,,,,,,,,,,,,,,,,,,,,1,1,1,1,1,,0,0,0,0,,,,,,,,,,,,,,,,,,,,,,,
46942522,1,,,,,,,,,,,,,,,,,,,,,,,,,,,,,,,,,,,,,,1,,,,,0,,,,,,,,,,,,,,,,,,,,,,,,
46942540,1,,,,,,,,,,,,,,,,,,,,,,,,,,,,,,,,,,,1,1,1,1,1,,0,0,0,0,,,,,,,,,,,,,,,,,,,,,,,
46942608,1,,,,,,,,,,,,,,,,,,,,,,,,,,,,,,,,,,,1,1,1,1,1,,0,0,0,0,,,,,,,,,,,,,,,,,,,,,,,
46962618,1,,,,,,,,,,,,,,,,,,,,,,,,,,,,,,,,,,,1,1,1,1,1,,0,0,0,0,,,,,,,,,,,,,,,,,,,,,,,
46982044,1,,0,0,0,0,0,,,,,,,0,0,0,0,0,,,,,,,0,0,0,0,0,,,,,,,0,0,0,0,1,,,,,30,,0,0,0,0,0,,,,,,,0,0,0,0,0,,,,,,
46982506,1,,,,,,,,,,,,,,,,,,,,,,,,,,,,,,,,,,,1,,1,1,1,,,0,0,0,,,,,,,,,,,,,,,,,,,,,,,
47002510,1,,,,,,,,,,,,,,,,,,,,,,,,,,,,,,,,,,,1,,1,1,1,,,0,0,0,,,,,,,,,,,,,,,,,,,,,,,
47041596,1,,0,0,0,0,0,,,,,,,0,0,1,0,0,,,3,,,,0,0,0,0,0,,,,,,,0,0,0,0,0,,,,,,,0,0,0,0,0,,,,,,,0,0,0,0,0,,,,,,1
47062016,1,,0,0,0,0,0,,,,,,,0,0,0,0,0,,,,,,,0,0,0,0,0,,,,,,,0,1,0,0,0,,56,,,,,0,0,0,0,0,,,,,,,0,0,0,0,0,,,,,,
47082516,1,,,,,,,,,,,,,,,,,,,,,,,,,,,,,,,,,,,1,1,1,1,1,,0,0,0,0,,,,,,,,,,,,,,,,,,,,,,,
47082562,1,,,,,,,,,,,,,,,,,,,,,,,,,,,,,,,,,,,1,1,1,1,1,,0,0,0,0,,,,,,,,,,,,,,,,,,,,,,,
47082598,1,,0,0,0,0,0,,,,,,,0,0,0,0,0,,,,,,,0,0,0,0,0,,,,,,,1,1,1,1,1,,0,0,0,0,,0,0,0,0,0,,,,,,,0,0,0,0,0,,,,,,
47102574,1,,0,0,0,0,0,,,,,,,0,0,0,0,0,,,,,,,0,0,0,0,0,,,,,,,1,1,1,1,1,,0,0,0,0,,0,0,0,0,0,,,,,,,0,0,0,0,0,,,,,,
47102628,1,,,,,,,,,,,,,,,,,,,,,,,,,,,,,,,,,,,1,1,1,1,1,,0,0,0,0,,,,,,,,,,,,,,,,,,,,,,,
47142532,1,,,,,,,,,,,,,,,,,,,,,,,,,,,,,,,,,,,1,1,1,1,1,,0,0,0,0,,,,,,,,,,,,,,,,,,,,,,,
47142568,1,,0,0,0,0,0,,,,,,,0,0,0,0,0,,,,,,,0,0,0,0,0,,,,,,,1,1,1,1,1,,0,0,0,0,,0,0,0,0,0,,,,,,,0,0,0,0,0,,,,,,
47162614,1,,,,,,,,,,,,,,,,,,,,,,,,,,,,,,,,,,,1,1,1,1,1,,0,0,0,0,,,,,,,,,,,,,,,,,,,,,,,
47182610,1,,0,0,0,0,0,,,,,,,0,0,0,0,0,,,,,,,0,0,0,0,0,,,,,,,1,1,1,1,1,,0,0,0,0,,0,0,0,0,0,,,,,,,0,0,0,0,0,,,,,,
47202620,1,,,,,,,,,,,,,,,,,,,,,,,,,,,,,,,,,,,1,1,1,1,1,,0,0,0,0,,,,,,,,,,,,,,,,,,,,,,,
47222100,1,,0,0,0,0,0,,,,,,,1,0,1,1,1,,,2,2,3,,0,0,0,0,0,,,,,,,0,0,0,0,0,,,,,,,0,0,0,0,0,,,,,,,0,0,0,0,0,,,,,,1
47222510,1,,,,,,,,,,,,,,,,,,,,,,,,,,,,,,,,,,,1,1,1,1,1,,0,0,0,0,,,,,,,,,,,,,,,,,,,,,,,
47222518,1,,,,,,,,,,,,,,,,,,,,,,,,,,,,,,,,,,,1,1,1,1,1,,0,0,0,0,,,,,,,,,,,,,,,,,,,,,,,
47222546,1,,,,,,,,,,,,,,,,,,,,,,,,,,,,,,,,,,,1,1,1,1,1,,0,0,0,0,,,,,,,,,,,,,,,,,,,,,,,
47222564,1,,0,0,0,0,0,,,,,,,0,0,0,0,0,,,,,,,0,0,0,0,0,,,,,,,1,1,1,1,1,,0,0,0,0,,0,0,0,0,0,,,,,,,0,0,0,0,0,,,,,,
47222654,1,,,,,,,,,,,,,,1,,1,,,6,,,8,,,,,,,,,,,,,,,,,,,,,,,,,,,,1,,,,,8,,,,,,,,,,,,3
47242494,1,,,,,,,,,,,,,,,,,,,,,,,,,,,,,,,,,,,1,1,1,1,1,,0,0,0,0,,,,,,,,,,,,,,,,,,,,,,,
47262562,1,,0,0,0,0,0,,,,,,,0,0,0,0,0,,,,,,,0,0,0,0,0,,,,,,,1,1,1,1,1,,0,0,0,0,,0,0,0,0,0,,,,,,,0,0,0,0,0,,,,,,
47262606,1,,0,0,0,0,0,,,,,,,0,0,0,0,0,,,,,,,0,0,0,0,0,,,,,,,1,1,1,1,1,,0,0,0,0,,0,0,0,0,0,,,,,,,0,0,0,0,0,,,,,,
47282530,1,,,,,,,,,,,,,,,,,,,,,,,,,,,,,,,,,,,1,1,1,1,1,,0,0,0,0,,,,,,,,,,,,,,,,,,,,,,,
47284000,1,,,,,,,,,,,,,,,,,,,,,,,,,,,,,,,,,,,,,,1,,,,,12,,,,,,,,,,,,,,,,,,,,,,,,
47302522,1,,,,,,,,,,,,,,,,,,,,,,,,,,,,,,,,,,,1,1,1,1,1,,0,0,0,0,,,,,,,,,,,,,,,,,,,,,,,
47302554,1,,,,,,,,,,,,,,,,,,,,,,,,,,,,,,,,,,,1,1,1,1,1,,0,0,0,0,,,,,,,,,,,,,,,,,,,,,,,
47302608,1,,,,,,,,,,,,,,,,,,,,,,,,,,,,,,,,,,,1,1,1,1,1,,0,0,0,0,,,,,,,,,,,,,,,,,,,,,,,
47342596,1,,0,0,0,0,0,,,,,,,0,0,0,0,0,,,,,,,0,0,0,0,0,,,,,,,1,1,1,1,1,,0,0,0,0,,0,0,0,0,0,,,,,,,0,0,0,0,0,,,,,,
47342620,1,,,,,,,,,,,,,,,,,,,,,,,,,,,,,,,,,,,1,1,1,1,1,,0,0,0,0,,,,,,,,,,,,,,,,,,,,,,,
47382614,1,,0,0,0,0,0,,,,,,,0,0,0,0,0,,,,,,,0,0,0,0,0,,,,,,,1,1,1,1,1,,0,0,0,0,,0,0,0,0,0,,,,,,,0,0,0,0,0,,,,,,
47401614,1,,0,0,0,0,0,,,,,,,0,0,0,0,0,,,,,,,0,0,0,0,0,,,,,,,0,0,0,0,0,,,,,,,0,0,0,0,0,,,,,,,0,0,0,0,0,,,,,,
47402564,1,,0,0,0,0,0,,,,,,,0,0,0,0,0,,,,,,,0,0,0,0,0,,,,,,,1,1,1,1,1,,0,0,0,0,,0,0,0,0,0,,,,,,,0,0,0,0,0,,,,,,
47402604,1,,0,0,0,0,0,,,,,,,0,0,0,0,0,,,,,,,0,0,0,0,0,,,,,,,0,1,0,0,0,,50,,,,,0,0,0,0,0,,,,,,,0,0,0,0,0,,,,,,
47404854,1,,,,,,,,,,,,,,,,,,,,,,,,,,,,,,,,,,,,,,,,,,,,,,,,,,,,,,,,,,,,,,,,,,,
47442606,1,,,,,,,,,,,,,,,,,,,,,,,,,,,,,,,,,,,1,1,1,1,1,,0,0,0,0,,,,,,,,,,,,,,,,,,,,,,,
47442612,1,,,,,,,,,,,,,,,,,,,,,,,,,,,,,,,,,,,1,1,1,1,1,,0,0,0,0,,,,,,,,,,,,,,,,,,,,,,,
47502586,1,,,,,,,,,,,,,,,,,,,,,,,,,,,,,,,,,,,1,1,1,1,1,,0,0,0,0,,,,,,,,,,,,,,,,,,,,,,,
47544854,1,,,,,,,,,,,,,,,,,,,,,,,,,,,,,,,,,,,,,,,,,,,,,,,,,,,,,,,,,,,,,,,,,,,
47562650,1,,,,,0,0,,,,,,,,,,,,,,,,,,,,,,,,,,,,,,,,,,,,,,,,,,,1,1,,,,50,60,,,,,,,,,,,,
47665002,1,,,,,,,,,,,,,,,,,,,,,,,,,,,,,,,,,,,,,,,,,,,,,,,,,,,,,,,,,,,,,,,,,,,
47741670,1,,,,,1,,,,,50,,,,,,,,,,,,,,,,,,,,,,,,,,,,,,,,,,,,,,,,,,,,,,,,,,,,,,,,,
47742614,1,,0,0,0,0,0,,,,,,,0,0,0,0,0,,,,,,,0,0,0,0,0,,,,,,,1,1,1,1,1,,0,0,0,0,,0,0,0,0,0,,,,,,,0,0,0,0,0,,,,,,
47782620,1,,0,0,0,0,0,,,,,,,0,0,0,0,0,,,,,,,0,0,0,0,0,,,,,,,1,1,1,1,1,,0,0,0,0,,0,0,0,0,0,,,,,,,0,0,0,0,0,,,,,,
47802022,1,,0,0,0,0,0,,,,,,,0,1,0,0,0,,100,,,,,0,1,0,0,0,,100,,,,,0,1,0,0,0,,100,,,,,0,0,0,0,0,,,,,,,0,0,0,0,0,,,,,,1
47822614,1,,,,,,,,,,,,,,,,,,,,,,,,,,,,,,,,,,,1,1,1,1,1,,0,0,0,0,,,,,,,,,,,,,,,,,,,,,,,
47842626,1,,0,0,0,0,0,,,,,,,0,0,0,0,0,,,,,,,0,0,0,0,0,,,,,,,1,1,1,1,1,,0,0,0,0,,0,0,0,0,0,,,,,,,0,0,0,0,0,,,,,,
47922650,1,,,,,,,,,,,,,,,,,,,,,,,,,,,,,,,,,,,1,1,1,1,1,,0,0,0,0,,,,,,,,,,,,,,,,,,,,,,,
47942654,1,,,,,,,,,,,,,,,,,,,,,,,,,,,,,,,,,,,1,1,1,1,1,,0,0,0,0,,,,,,,,,,,,,,,,,,,,,,,
47962650,1,,,,,,,,,,,,,,,,,,,,,,,,,,,,,,,,,,,1,,1,1,1,,,0,0,0,,,,,,,,,,,,,,,,,,,,,,,
47982612,1,,0,0,0,0,0,,,,,,,0,0,0,0,0,,,,,,,0,0,0,0,0,,,,,,,1,1,1,1,1,,0,0,0,0,,0,0,0,0,0,,,,,,,0,0,0,0,0,,,,,,
48102638,1,,0,0,0,0,0,,,,,,,0,0,0,0,0,,,,,,,0,0,0,0,0,,,,,,,1,1,1,1,1,,0,0,0,0,,0,0,0,0,0,,,,,,,0,0,0,0,0,,,,,,
48182110,1,,0,0,0,0,0,,,,,,,1,1,0,1,1,,12,,5,3,,0,0,0,0,0,,,,,,,0,0,0,0,0,,,,,,,0,0,0,0,0,,,,,,,0,0,0,0,0,,,,,,1
48182826,1,,,,,,,,,,,,,0,,1,,,,,6,,,,,,,,,,,,,,,,,,,,,,,,,,,,,,,,,,,,,,,,,,,,,,,3
48222100,1,,0,0,0,0,0,,,,,,,0,0,0,0,0,,,,,,,0,0,0,0,0,,,,,,,0,0,0,1,0,,,,85,,,0,0,0,0,0,,,,,,,0,0,0,0,0,,,,,,
48283154,1,,,,,,,,,,,,,1,1,1,,1,,7,7,70,,,,,,,,,,,,,,,,,,,,,,,,,,,,,,,,,,,,,,,,,,,,,,
48302536,1,,0,0,1,0,1,,,20,,50,,0,0,0,0,0,,,,,,,0,0,0,0,0,,,,,,,0,0,0,0,0,,,,,,,0,0,0,0,0,,,,,,,0,0,0,0,0,,,,,,
48362668,1,,,,,1,,,,,35,,,,,,,0,,,,,,,,,,1,,,,,40,,,,,,,,,,,,,,,,,,,,,,,,,,,,,,,,,,,1
48442898,1,,,,,,,,,,,,,,,,,,,,,,,,,,,,,,,,,,,,,,,,,,,,,,,,,,,,,,,,,1,,,,,,,,,,
48482644,1,,,,,,,,,,,,,,,,,,,,,,,,,1,,,,,400,,,,,,,,,,,,,,,,,,,,,,,,,,,,,,,,,,,,,1
48802302,1,,0,0,0,0,0,,,,,,,0,0,0,0,0,,,,,,,0,0,0,0,0,,,,,,,0,0,0,0,0,,,,,,,0,0,0,0,0,,,,,,,1,0,0,1,1,,,,5,7,
49425226,1,,,,,,,,,,,,,,,,,,,,,,,,,,,,,,,,,,,,,,,,,,,,,,1,1,1,1,1,,0,0,0,0,,,,,,,,,,,,
49504478,1,,,,,1,,,,,30,,,,,,,,,,,,,,,,,,,,,,,,,,,,,,,,,,,,,,,,,,,,,,,,,,,,,,,,,
49782958,1,,,,,,,,,,,,,1,1,,,1,,0,,0,,,,,,,,,,,,,,,,,,,,,,,,,1,1,,1,,,5,,10,,,,,,,,,,,,,1
49942944,1,,,,,,,,,,,,,,,1,,,,,25,,,,,,,,,,,,,,,,,,,,,,,,,,,,,,,,,,,,,,,,,,,,,,,1
49984648,1,,,,1,,,,,80,,,,,,,,,,,,,,,,,,,,,,,,,,,,,,,,,,,,,,,,,,,,,,,,,,,,,,,,,,
50064868,1,,,,,,,,,,,,,,,,1,,,,,,100,,,,,,,,,,,,,,,,,,,,,,,,,,,,,,,,,,,,,,,,,,,,,1
50142940,1,,,,1,,,,,5,,,,,,1,1,1,,,10,12,30,,,,,,,,,,,,,,,,,,,,,,,,,,,,,,,,,,,,,,,,,,,,,2
50204184,1,,,,,,,,,,,,,,1,,,,,200,,,,,,,,,,,,,,,,,,,,,,,,,,,,,,,,,,,,,,,,,,,,,,,,1
50422798,1,,,,,,,,,,,,,,,,,,,,,,,,,,,,,,,,,,,0,1,1,1,1,,7,10,5,9,,,,,,,,,,,,,,,,,,,,,,,
50424896,1,,,0,,,,,,,,,,,,,,,,,,,,,,1,,,,,70,,,,,,,,,,,,,,,,,,,,,,,,,,,,,,,,,,,,,1
50502828,1,,,,,,,,,,,,,,,,,,,,,,,,,1,,1,,,10,,10,,,,,,,,,,,,,,,,,,,,,,,,,,,,,,,,,,,1
50562834,1,,,,0,,,,,,,,,,,,,,,,,,,,,,0,,1,,,,,140,,,,,,,,,,,,,,,,,,,,,,,,,,,,,,,,,,
50642910,1,,,,0,,,,,,,,,,,,,,,,,,,,,,0,,1,,,,,20,,,,,,,,,,,,,,,,,,,,,,,,,,,,,,,,,,1
50683512,1,,0,1,0,1,0,,70,,30,,,0,0,,0,,,,,,,,,,,,,,,,,,,,,,,,,,,,,,,,,,,,,,,,,,,,,,,,,,,
50722734,1,,,,,,,,,,,,,,,,,,,,,,,,,,,,,,,,,,,,,,,,,,,,,,,,,,,,,,,,,,,,1,,,,,500,,
50822946,1,,,,,,,,,,,,,,,,,,,,,,,,,,,,,,,,,,,,,1,,0,,,50,,,,,,,,,,,50,,,,,,,,,,,,,,
51142978,1,,,,,,,,,,,,,,,,,,,20,,,30,,,,,,,,,,,,,,,,,,,,,,,,,,,,,,,,,,,,,,,,,,,,,1
51184832,1,,,,,,,,,,,,,,1,,,,,200,,,,,,,,,,,,,,,,,,,,,,,,,,,,,,,,,,,,,,,,,,,,,,,,1
51303674,1,,0,,,,0,,,,,,,,,,,,,,,,,,,,,,,,,,,,,,,,,,,,,,,,,,,,1,,,,,25,,,,,,,,,,,,
51362942,1,,,,,,,,,,,,,,,1,,,,,50,,,,,,,,,,,,,,,,,,,,,,,,,,,,1,,,,,150,,,,,,,,,,,,,,1
51383804,1,,,,1,,,,,30,,,,0,,,,,,,,,,,,,,,,,,,,,,,,,,,,,,,,,,,,,,,,,,,,,,,,,,,,,,
51444232,1,,,,,,,,,,,,,,,,,,,,,,,,,,,,,,,,,,,,1,,1,,,15,,25,,,,,,,,,,,,,,,,,,,,,,,,
51582918,1,,0,,,,,,,,,,,,,,,,,,,,,,,,,,,,,,,,,1,1,1,1,1,,1,1,1,1,,,,,,,,,,,,,,,,,,,,,,,
51583644,1,,,,,,,,,,,,,,,,,,,,,,,,,,,,,,,,,,,,,,1,1,,,,8,7,,,,,,,,,,,,,,,,,,,,,,,
51603634,1,,,0,,,0,,,,,,,,,,,,,,,,,,,,,,,,,,,,,,,,,,,,,,,,0,1,,,1,,28,,,29,,,,,,,,,,,,
51784906,1,,,,,,,,,,,,,,,,1,,,,,,200,,,,,,,,,,,,,,,,,,,,,,,,,,,,,,,,,,,,,,,,,,,,,1
51802774,1,,,,,,,,,,,,,,,,,,,,,,,,,,,,,,,,,,,,,,,,,,,,,,,,,,,,,,,,,,1,,,,,30,,,,
51824728,1,,,1,,,,,500,,,,,1,,,,,,,,,,,,,,,,,,,,,,,,,,,,,,,,,,,,,,,,,,,,,,,,,,,,,,1
52121868,1,,0,0,0,0,0,,,,,,,0,0,0,0,0,,,,,,,0,0,0,0,0,,,,,,,0,0,0,1,0,,,,405,,,0,0,0,0,0,,,,,,,0,0,0,0,0,,,,,,
52181880,1,,0,0,0,0,0,,,,,,,0,0,0,0,0,,,,,,,0,1,0,0,1,,100,,,120,,0,0,0,0,1,,,,,500,,0,0,0,0,0,,,,,,,0,0,0,0,0,,,,,,2
52181902,1,,0,0,0,0,0,,,,,,,0,0,0,0,0,,,,,,,0,0,1,0,0,,,90,,,,0,0,0,0,0,,,,,,,0,0,0,0,0,,,,,,,0,0,0,0,0,,,,,,2
52182946,1,,,,,,,,,,,,,,,,,,,,,,,,,,,1,,,,,5,,,,,,,,,,,,,,,,,,,,,,,,,,,,,,,,,,,
52224086,1,,,,,,,,,,,,,,,,,,,,,,,,,,,,,,,,,,,,,,,,,,,,,,,,,,,,,,,,,,,,,,,,,,,
52381876,1,,0,0,0,0,0,,,,,,,0,0,0,0,0,,,,,,,0,0,0,0,0,,,,,,,0,1,0,0,1,,10,,,10,,0,0,0,0,0,,,,,,,0,0,0,0,0,,,,,,
52462540,1,,,,,,,,,,,,,,,,,,,,,,,,,,,,,,,,,,,,,,,,,,,,,,,,,,,,,,,,,,,,,,,,,,,
52501890,1,,0,0,0,0,0,,,,,,,0,0,0,0,0,,,,,,,0,0,0,0,0,,,,,,,0,0,0,0,0,,,,,,,0,0,0,0,0,,,,,,,0,1,0,0,1,,150,,,200,
52521960,1,,0,0,0,0,0,,,,,,,0,0,0,0,0,,,,,,,0,0,0,0,0,,,,,,,0,1,0,0,0,,200,,,,,0,0,0,0,0,,,,,,,0,0,0,0,0,,,,,,
52581944,1,,0,0,0,0,0,,,,,,,0,0,0,0,0,,,,,,,0,0,0,0,0,,,,,,,0,0,0,1,0,,,,250,,,0,0,0,0,0,,,,,,,0,0,0,0,0,,,,,,
52601984,1,,0,0,0,0,0,,,,,,,0,0,0,0,0,,,,,,,0,0,0,0,0,,,,,,,0,1,1,1,0,,150,200,300,,,0,0,0,0,0,,,,,,,0,0,0,0,0,,,,,,
52641966,1,,0,0,0,0,0,,,,,,,0,0,0,0,0,,,,,,,0,0,0,0,0,,,,,,,1,0,0,0,0,,,,,,,0,0,0,0,0,,,,,,,0,0,0,0,0,,,,,,
52661964,1,,0,0,0,0,0,,,,,,,0,0,0,0,0,,,,,,,0,0,0,0,0,,,,,,,0,1,1,0,0,,80,100,,,,1,0,0,0,0,,,,,,,0,0,0,0,0,,,,,,
52661994,1,,0,0,0,0,0,,,,,,,0,0,0,0,0,,,,,,,0,0,0,0,0,,,,,,,0,0,1,0,1,,,180,,30,,0,0,0,0,0,,,,,,,0,0,0,0,0,,,,,,
52664748,1,,,,,,,,,,,,,1,,,,,,,,,,,,,,,,,,,,,,,,,,,,,,,,,,,,,,,,,,,,,,,,,,,,,,1
52701914,1,,0,0,0,0,0,,,,,,,0,0,0,0,0,,,,,,,0,0,0,0,0,,,,,,,0,0,0,0,0,,,,,,,0,0,0,0,0,,,,,,,0,1,1,1,0,,30,40,70,,
52701978,1,,0,0,0,0,0,,,,,,,0,0,0,0,0,,,,,,,0,0,0,0,0,,,,,,,0,1,0,0,0,,200,,,,,0,0,0,0,0,,,,,,,0,0,0,0,0,,,,,,
52721908,1,,0,0,0,0,0,,,,,,,0,0,0,0,0,,,,,,,0,0,0,0,0,,,,,,,0,1,1,0,0,,70,150,,,,1,0,0,1,1,,,,30,30,,0,0,0,0,0,,,,,,
52741922,1,,0,0,0,0,0,,,,,,,0,0,0,0,0,,,,,,,0,0,0,0,0,,,,,,,0,0,0,0,1,,,,,170,,0,1,0,0,0,,180,,,,,0,0,0,0,0,,,,,,
52761854,1,,0,0,0,0,0,,,,,,,1,1,0,0,0,,5,,,,,0,0,0,0,0,,,,,,,0,0,0,0,0,,,,,,,0,0,0,0,0,,,,,,,0,0,0,0,0,,,,,,1
52762016,1,,0,0,0,0,0,,,,,,,0,0,0,0,0,,,,,,,0,0,0,0,0,,,,,,,0,0,1,1,1,,,45,60,150,,0,0,0,0,0,,,,,,,0,0,0,0,0,,,,,,
52782700,1,,,,,,,,,,,,,0,,,,,,,,,,,,,,,,,,,,,,0,,,1,,,,,54,,,,,,,,,,,,,,,,,,,,,,,,
52801884,1,,0,0,0,0,0,,,,,,,0,0,0,0,0,,,,,,,0,0,0,0,0,,,,,,,0,1,1,0,0,,10,25,,,,0,0,0,0,0,,,,,,,0,0,0,0,0,,,,,,
52841946,1,,0,0,0,0,0,,,,,,,0,0,0,0,0,,,,,,,0,0,0,0,0,,,,,,,0,0,0,1,0,,,,480,,,0,0,0,0,0,,,,,,,0,0,0,0,0,,,,,,
52861882,1,,0,0,0,0,0,,,,,,,0,0,0,0,0,,,,,,,0,1,0,0,0,,250,,,,,0,0,0,0,1,,,,,500,,0,1,0,0,1,,200,,,500,,0,0,0,0,0,,,,,,2
52862002,1,,0,0,0,0,0,,,,,,,0,0,0,0,0,,,,,,,0,0,0,0,0,,,,,,,0,0,0,0,1,,,,,470,,0,0,0,0,0,,,,,,,0,0,0,0,0,,,,,,
52881960,1,,0,0,0,0,0,,,,,,,0,0,0,0,0,,,,,,,0,0,0,0,0,,,,,,,0,1,0,1,0,,180,,250,,,0,0,0,0,0,,,,,,,0,0,0,0,0,,,,,,
52882004,1,,0,0,0,0,0,,,,,,,0,0,0,0,0,,,,,,,0,0,0,0,0,,,,,,,1,0,1,0,0,,,75,,,,0,0,0,0,0,,,,,,,0,0,0,0,0,,,,,,
52901866,1,,0,0,0,0,0,,,,,,,0,0,0,0,1,,,,25,,,0,0,0,1,0,,,,35,,,0,0,0,0,0,,,,,,,0,0,0,0,0,,,,,,,0,0,0,0,0,,,,,,3
52901944,1,,0,0,0,0,0,,,,,,,0,0,0,0,0,,,,,,,0,0,0,0,0,,,,,,,0,0,1,1,0,,,220,300,,,0,0,0,0,0,,,,,,,0,0,0,0,0,,,,,,
52921964,1,,0,0,0,0,0,,,,,,,0,0,0,0,0,,,,,,,0,0,0,0,0,,,,,,,0,1,1,1,0,,200,60,120,,,0,0,0,0,0,,,,,,,0,0,0,0,0,,,,,,
52961912,1,,,,,,,,,,,,,,,,,,,,,,,,,,,,,,,,,,,,1,1,0,1,,50,80,,100,,,,,,,,,,,,,,,,,,,,,,,
52981856,1,,0,0,0,0,0,,,,,,,0,0,0,0,0,,,,,,,0,0,0,0,0,,,,,,,0,1,0,0,0,,260,,,,,0,0,0,0,0,,,,,,,0,0,0,0,0,,,,,,
52981916,1,,,,,,,,,,,,,,,,,,,,,,,,,,,1,,,,,30,,,,,,,,,,,,,,,,,,,,,,,,,,,,,,,,,,,1
52982010,1,,0,0,0,0,0,,,,,,,0,0,0,0,0,,,,,,,0,0,0,0,0,,,,,,,0,0,0,0,1,,,,,450,,0,0,0,0,0,,,,,,,0,0,0,0,0,,,,,,
53001984,1,,0,0,0,0,0,,,,,,,0,0,0,0,0,,,,,,,0,0,0,0,0,,,,,,,0,1,0,0,0,,480,,,,,0,0,0,0,0,,,,,,,0,0,0,0,0,,,,,,
53021976,1,,0,0,0,0,0,,,,,,,0,0,0,0,0,,,,,,,0,0,0,0,0,,,,,,,0,1,0,0,1,,200,,,175,,0,0,0,0,0,,,,,,,0,0,0,0,0,,,,,,
53062014,1,,0,0,0,0,0,,,,,,,0,0,0,0,0,,,,,,,0,0,0,0,0,,,,,,,0,0,1,0,0,,,150,,,,0,0,0,0,0,,,,,,,0,0,0,0,0,,,,,,
53102714,1,,,,,,,,,,,,,,,,,,,,,,,,,,,,,,,,,,,,,,,,,,,,,,,,,,,,,,,,,,,,,,,,,,,
53121854,1,,1,0,0,0,0,,,,,,,0,0,0,0,0,,,,,,,0,0,0,1,0,,,,80,,,0,0,0,1,0,,,,100,,,0,0,0,0,0,,,,,,,0,0,0,0,0,,,,,,3
53121938,1,,,,,,,,,,,,,,1,1,0,,,40,40,,,,,,0,1,1,,,,100,100,,,,,,,,,,,,,,,,,,,,,,,,,,,,,,,,,,3
53122770,1,,,,,,,,,,,,,,,,,,,,,,,,,,,,,,,,,,,,1,,,,,10,,,,,,,,,,,,,,,,,,,,,,,,,,
53141958,1,,0,0,0,0,0,,,,,,,0,0,0,0,0,,,,,,,0,0,0,0,0,,,,,,,0,0,0,1,0,,,,480,,,0,0,0,0,0,,,,,,,0,0,0,0,0,,,,,,
53142746,1,,,,,,,,,,,,,,,,,1,,,,35,,,,,,,,,,,,,,,,,,,,,,,,,,,,,,,,,,,,,,,,,,,,,,
53161898,1,,,,,,,,,,,,,,,,,,,,,,,,,1,1,,1,,30,200,,30,,,,,,,,,,,,,,,,,,,,,,,,,1,1,,1,,30,200,,30,3
53161934,1,,,,,,,,,,,,,,,,,,,,,,,,,,,,,,,,,,,,,,,,,,,,,,,,,,,,,,,,,,,1,,,,,450,,,
53161988,1,,0,0,0,0,0,,,,,,,0,0,0,0,0,,,,,,,0,0,0,0,0,,,,,,,0,0,1,0,0,,,250,,,,0,0,0,0,0,,,,,,,0,0,1,0,0,,,300,,,
53162780,1,,,,,,,,,,,,,,,,,,,,,,,,,,,,,,,,,,,,,,,,,,,,,,,,,,,,,,,,,,,,,,,,,,,
53201820,1,,0,0,0,0,0,,,,,,,0,0,0,0,0,,,,,,,0,0,0,1,0,,,,6,,,0,0,0,0,0,,,,,,,0,0,0,0,0,,,,,,,0,0,0,0,0,,,,,,1
53201968,1,,0,0,0,0,0,,,,,,,0,0,0,0,0,,,,,,,0,0,0,0,0,,,,,,,0,0,0,0,0,,,,,,,0,0,0,0,1,,,,,400,,0,0,0,0,0,,,,,,
53221936,1,,,,,,,,,,,,,,,,,,,,,,,,,,,,,,,,,,,,,,,,,,,,,,,,,,,,,,,,,,1,1,1,1,,200,200,300,400,
53241856,1,,0,0,0,0,0,,,,,,,0,0,0,0,0,,,,,,,0,1,1,0,0,,300,200,,,,0,1,0,0,0,,300,,,,,0,0,0,0,0,,,,,,,0,0,0,0,0,,,,,,2
53242014,1,,0,0,0,0,0,,,,,,,0,0,0,0,0,,,,,,,0,0,0,0,0,,,,,,,0,0,0,1,0,,,,200,,,0,0,0,0,0,,,,,,,0,0,0,0,0,,,,,,
53261722,1,,0,0,0,0,0,,,,,,,0,0,0,0,0,,,,,,,0,0,0,0,0,,,,,,,0,1,0,0,0,,400,,,,,0,0,0,0,0,,,,,,,0,0,0,0,0,,,,,,
53261884,1,,,,,,,,,,,,,1,1,1,1,1,,10,10,400,300,,,,,,,,,,,,,,,,,,,,,,,,,,,,,,,,,,,1,1,1,1,1,,10,10,400,300,3
53281774,1,,0,0,0,0,0,,,,,,,1,0,0,0,0,,,,,,,0,0,0,0,0,,,,,,,0,0,0,0,0,,,,,,,0,0,0,0,0,,,,,,,0,0,0,0,0,,,,,,3
53281994,1,,0,0,0,0,0,,,,,,,0,0,0,0,0,,,,,,,0,0,0,0,0,,,,,,,0,0,0,0,0,,,,,,,0,0,0,0,0,,,,,,,0,0,1,0,0,,,400,,,
53282696,1,,,,,,,,,,,,,,,,,,,,,,,,,,,,,,,,,,,,1,1,,,,15,10,,,,,,,,,,,,,,,,,,,,,,,,,
53282750,1,,1,1,1,1,1,,1,1,1,1,,0,0,0,0,0,,,,,,,,,,,,,,,,,,,,,,,,,,,,,,,,,,,,,,,,,,,,,,,,,,
53301920,1,,,,,,,,,,,,,,,,,,,,,,,,,1,1,1,,,200,300,400,,,,,,,,,,,,,,,,,,,,,,,,,,1,1,1,,,200,300,400,,3
53301952,1,,0,0,0,0,0,,,,,,,0,0,0,0,0,,,,,,,0,0,0,0,0,,,,,,,1,1,0,0,0,,100,,,,,0,0,0,0,0,,,,,,,0,0,0,0,0,,,,,,
53321876,1,,,,,,,,,,,,,,1,,1,,,200,,,200,,,1,1,1,1,,60,60,350,200,,,,,,,,,,,,,,,,,,,,,,,,,1,,1,1,,350,,200,200,3
53321886,1,,,,,,,,,,,,,1,,1,1,,,,300,,50,,,1,1,1,,,10,300,50,,,,,,,,,,,,,,,,,,,,,,,,,1,,1,1,,,,300,50,,3
53321894,1,,,,,,,,,,,,,,,,,,,,,,,,,,,1,,,,,400,,,,,,,,,,,,,,,,,,,,,,,,,,,,,,,,,,,3
53321936,1,,,,,,,,,,,,,,,,,,,,,,,,,,,1,,,,,50,,,,,,,,,,,,,,,,,,,,,,,,,,1,1,,,,400,300,,,1
53321948,1,,0,0,0,0,0,,,,,,,0,0,0,0,0,,,,,,,0,0,0,0,0,,,,,,,0,0,0,0,1,,,,,40,,0,0,0,0,0,,,,,,,0,0,0,0,0,,,,,,
53341844,1,,0,0,0,0,0,,,,,,,1,0,0,0,0,,,,,,,1,0,0,0,0,,,,,,,0,0,0,0,0,,,,,,,0,0,0,0,0,,,,,,,0,0,0,0,0,,,,,,1
53362710,1,,,,,,,,,,,,,,,,,,,,,,,,,,,,,,,,,,,,,1,,,,,20,,,,,,,,,,,,,,,,,,,,,,,,,
53362722,1,,,,,,,,,,,,,,,,,,,,,,,,,,,,,,,,,,,,,,,1,,,,,200,,,,,,,,,,,,,,,,,,,,,,,
53381706,1,,0,0,0,0,0,,,,,,,0,0,0,0,0,,,,,,,0,0,0,0,0,,,,,,,1,0,0,0,0,,,,,,,0,0,0,0,0,,,,,,,0,0,0,0,0,,,,,,
53381878,1,,,,,,,,,,,,,,1,,,,,100,,,,,,1,,,,,100,,,,,,,,,,,,,,,,,,,,,,,,,,,,,,,,,,,,,1
53401828,1,,0,0,0,0,0,,,,,,,0,0,0,0,0,,,,,,,0,0,1,0,0,,,20,,,,0,0,0,0,0,,,,,,,0,0,0,0,0,,,,,,,0,0,0,0,0,,,,,,1
53401876,1,,,,,,,,,,,,,,1,1,1,1,,300,350,400,250,,,,,,,,,,,,,,,,,,,,,,,,,,,,,,,,,,,,1,1,1,1,,300,350,400,250,3
53401926,1,,,,,,,,,,,,,,,,1,,,,,,300,,,,,,1,,,,,300,,,,,,,,,,,,,,,,,,,,,,,,,,,,1,,,,,400,3
53421708,1,,0,0,0,1,0,,,,15,,,0,0,0,0,0,,,,,,,0,0,0,0,0,,,,,,,0,0,1,0,0,,,30,,,,0,0,0,0,0,,,,,,,0,0,0,0,0,,,,,,
53421960,1,,0,0,0,0,0,,,,,,,0,0,0,0,0,,,,,,,0,0,0,0,0,,,,,,,0,0,0,1,0,,,,150,,,0,0,0,0,0,,,,,,,0,0,0,0,0,,,,,,
53422760,1,,,,1,,1,,,280,,277,,,,,,,,,,,,,,,,,,,,,,,,,,1,,1,,,280,,277,,,,,,,,,,,,,,,,,,,,,,,
53482718,1,,,,,,,,,,,,,,,,,,,,,,,,,,,,,,,,,,,,,1,,,,,400,,,,,,,,,,,,,,,,,,,,,,,,,
53501828,1,,0,0,0,0,0,,,,,,,0,0,0,0,0,,,,,,,0,0,0,1,0,,,,15,,,0,0,0,0,0,,,,,,,0,0,0,0,0,,,,,,,0,0,0,0,0,,,,,,2
53521934,1,,0,0,1,0,0,,,300,,,,0,0,0,0,0,,,,,,,0,0,0,0,0,,,,,,,0,0,0,0,0,,,,,,,0,0,0,0,0,,,,,,,0,0,0,0,0,,,,,,
53541918,1,,,,,,,,,,,,,,1,,1,1,,300,,400,150,,,1,,1,1,,300,,400,100,,,,,,,,,,,,,,,,,,,,,,,,,1,,1,1,,300,,400,100,3
53542056,1,,0,0,0,0,0,,,,,,,1,0,0,0,0,,,,,,,0,1,0,1,0,,50,,70,,,0,0,0,0,0,,,,,,,0,0,0,0,0,,,,,,,1,0,0,0,0,,,,,,3
53542700,1,,,1,,,1,,53,,,432,,,,,1,,,,,,432,,,1,,,1,,53,,,285,,,,,,,,,,,,,,,,,,,,,,,,,,,,,,,,,,
53542764,1,,,,,,,,,,,,,,1,1,1,1,,1,1,1,1,,,,,,,,,,,,,,,,,,,,,,,,,,,,,,,,,,,,,,,,,,,,,2
53561932,1,,0,0,0,0,0,,,,,,,0,0,0,0,0,,,,,,,0,0,0,0,1,,,,,30,,0,0,0,0,0,,,,,,,0,0,0,0,0,,,,,,,0,0,0,0,0,,,,,,2
53581674,1,,0,0,0,0,0,,,,,,,0,0,1,1,0,,,85,,25,,0,0,0,0,0,,,,,,,0,0,0,0,0,,,,,,,0,0,0,0,0,,,,,,,0,0,0,0,0,,,,,,3
53581926,1,,0,0,0,1,0,,,,30,,,0,0,0,0,0,,,,,,,0,0,0,0,0,,,,,,,0,0,0,0,0,,,,,,,0,0,0,0,0,,,,,,,0,0,0,0,0,,,,,,
53601672,1,,0,0,0,0,0,,,,,,,0,0,0,1,0,,,,,40,,0,0,0,0,0,,,,,,,0,1,0,0,0,,200,,,,,0,0,0,0,0,,,,,,,0,0,0,0,0,,,,,,1
53601892,1,,,,,,,,,,,,,,1,1,0,1,,150,300,400,,,,,,,,,,,,,,,,,,,,,,,,,,,,,,,,,,,,,1,1,1,,,150,300,400,,3
53621722,1,,0,0,0,0,0,,,,,,,0,0,0,0,0,,,,,,,0,0,0,0,0,,,,,,,1,0,0,1,0,,,,200,,,0,0,0,0,0,,,,,,,0,0,0,0,0,,,,,,
53621866,1,,,,,,,,,,,,,0,0,0,0,0,,,,,,,,,1,,,,,300,,,,1,1,1,1,1,,20,300,150,20,,,,,,,,,,,,,0,0,0,0,0,,,,,,3
53621920,1,,,,,,,,,,,,,,,,,,,,,,,,,,,,,,,,,,,,,,,,,,,,,,,,,,,,,,,,,,1,1,1,1,,200,150,300,200,
53622730,1,,,,,,,,,,,,,,1,1,1,,,2,2,,2,,,,,,,,,,,,,,,,,1,,,,,100,,,,,,,,,,,,,,,,,,,,,,,2
53642714,1,,0,,,,,,,,,,,,,1,,1,,,2,3,,,,,,,,,,,,,,,,,,,,,,,,,,,,,,,,,,,,,,,,,,,,,,2
53642722,1,,,,,,,,,,,,,,,,,,,,,,,,,,,,,,,,,,,,,,1,,,,,50,,,,,,,,,,,,,,,,,,,,,,,,
53661692,1,,0,0,0,0,0,,,,,,,0,0,0,0,0,,,,,,,0,0,1,0,0,,,60,,,,0,0,1,0,0,,,60,,,,0,0,0,0,0,,,,,,,0,0,0,0,0,,,,,,1
53661974,1,,0,0,0,0,0,,,,,,,0,0,0,0,0,,,,,,,0,0,0,0,0,,,,,,,1,0,0,1,0,,,,60,,,0,0,0,0,0,,,,,,,0,0,0,0,0,,,,,,
53701690,1,,0,0,0,0,0,,,,,,,0,0,0,0,0,,,,,,,0,0,0,0,0,,,,,,,0,0,0,0,1,,,,,150,,0,0,0,0,0,,,,,,,0,0,0,0,0,,,,,,
53722722,1,,,,,,,,,,,,,,,,1,,,,,,1,,,,,,,,,,,,,,,,,,,,,,,,,,,,,,,,,,,,,,,,,,,,,1
53762766,1,,,,,,,,,,,,,1,1,1,,,,1,1,,,,,,,,,,,,,,,,,,,,,,,,,,,,,,,,,,,,,,,,,,,,,,,2
53782698,1,,,,,,,,,,,,,,,,,,,,,2,2,,,,,,,,,,,,,,,,,,,,,,,,,,,,,,,,,,,,,,,,,,,,,1
53801808,1,,0,0,0,0,0,,,,,,,0,0,0,0,0,,,,,,,0,0,0,1,0,,,,150,,,0,0,0,0,0,,,,,,,0,0,0,0,0,,,,,,,0,0,0,0,0,,,,,,1
53802244,1,,1,1,,,,,5,,,,,,,,,,,,,,,,,,,,,,,,,,,,,,,,,,,,,,,,,,,,,,,,,,,,,,,,,,,
53822714,1,,,,,,,,,,,,,1,1,1,1,1,,2,1,2,1,,,,,,,,,,,,,,,,,,,,,,,,,,,,,,,,,,,,,,,,,,,,,3
53822750,1,,,,,,,,,,200,,,1,,1,1,,,,1,,1,,,,,,,,,,,,,,,,,,,,,,,,,,,,,,,,,,,,,,,,,,,,,1
53861684,1,,0,0,0,0,0,,,,,,,0,0,0,0,0,,,,,,,0,0,0,0,0,,,,,,,0,0,0,0,0,,,,,,,0,1,0,0,0,,5,,,,,0,0,0,0,0,,,,,,
53861706,1,,1,0,0,0,0,,,,,,,0,0,0,0,0,,,,,,,0,0,0,0,0,,,,,,,0,0,0,0,0,,,,,,,1,0,0,0,0,,,,,,,0,0,0,0,0,,,,,,
53861822,1,,0,0,0,0,0,,,,,,,0,0,0,0,0,,,,,,,1,0,0,0,0,,,,,,,0,0,0,0,0,,,,,,,0,0,0,0,0,,,,,,,0,0,0,0,0,,,,,,2
53862704,1,,,,,,,,,,,,,,1,1,1,1,,1,2,1,2,,,,,,,,,,,,,,,,,,,,,,,,,,,,,,,,,,,,,,,,,,,,,3
53881798,1,,0,0,0,0,0,,,,,,,0,0,0,0,0,,,,,,,0,0,0,0,0,,,,,,,0,1,0,0,0,,20,,,,,0,0,0,0,0,,,,,,,0,0,0,0,0,,,,,,
53882194,1,,,,,,,,,,,,,,,,,,,,,,,,,1,1,,,,15,10,,,,,,,,,,,,,,,,,,,,,,,,,,,,,,,,,,,,
53882288,1,,,,,,,,,,,,,,,,,,,,,,,,,1,,,,,12,,,,,,,,,,,,,,,,,,,,,,,,,,,,,,,,,,,,,
53901876,1,,,,,,,,,,,,,,,,,,,,,,,,,,,,,,,,,,,,,,,,,,,,,,,,,1,,,,,20,,,,,,,,,,,,,
53941710,1,,0,0,0,0,0,,,,,,,0,0,0,0,0,,,,,,,0,0,0,0,0,,,,,,,0,0,0,0,0,,,,,,,1,0,0,0,0,,,,,,,0,0,0,0,0,,,,,,
53982726,1,,,,,,,,,,,,,,,,,,,,,,,,,,,,,,,,,,,,,,1,,,,,200,,,,,,,,,,,,,,,,,,,,,,,,
54001706,1,,0,0,0,0,0,,,,,,,0,0,0,0,0,,,,,,,0,0,0,0,0,,,,,,,0,0,0,0,0,,,,,,,1,0,0,0,1,,,,,10,,0,0,0,0,0,,,,,,
54021790,1,,0,0,0,0,0,,,,,,,0,0,0,0,0,,,,,,,0,0,0,0,0,,,,,,,0,0,0,1,0,,,,150,,,0,0,0,0,0,,,,,,,0,0,0,0,0,,,,,,
54021898,1,,0,0,0,0,0,,,,,,,0,0,0,0,0,,,,,,,0,0,0,0,0,,,,,,,0,0,0,0,0,,,,,,,0,0,0,0,0,,,,,,,0,0,0,0,0,,,,,,
54022736,1,,,,1,,,,,200,,,,,,,,,,,,,,,,,,,,,,,,,,,,1,,,,,500,,,,,,,,,,,,,,,,,,,,,,,,,
54061862,1,,0,0,0,0,0,,,,,,,0,0,0,0,0,,,,,,,1,1,0,1,0,,5,,4,,,0,0,0,0,0,,,,,,,0,0,0,0,0,,,,,,,0,0,0,0,0,,,,,,2
54101748,1,,0,0,0,0,0,,,,,,,0,0,0,0,0,,,,,,,0,0,0,0,0,,,,,,,0,0,0,0,0,,,,,,,1,0,0,0,0,,,,,,,0,0,0,0,0,,,,,,
54102180,1,,,,,,,,,,,,,,,,,,,,,,,,,,,,,,,,,,,1,,,,,,,,,,,,,,,,,,,,,,,,,,,,,,,,
54121854,1,,0,0,0,0,0,,,,,,,0,0,0,0,0,,,,,,,0,0,0,0,0,,,,,,,0,0,1,1,0,,,420,250,,,0,0,0,0,0,,,,,,,0,0,0,0,0,,,,,,
54121894,1,,0,0,0,0,0,,,,,,,0,0,0,0,0,,,,,,,0,0,0,0,0,,,,,,,0,0,0,0,0,,,,,,,0,0,0,0,0,,,,,,,0,0,0,0,0,,,,,,
54142176,1,,,,,,,,,,,,,,,,,,,,,,,,,,,,,,,,,,,,1,,1,1,,5,,5,4,,,,,,,,,,,,,,,,,,,,,,,
54161800,1,,0,0,0,0,0,,,,,,,0,0,0,0,0,,,,,,,0,0,0,0,0,,,,,,,0,1,0,0,0,,100,,,,,0,0,0,0,0,,,,,,,0,0,0,0,0,,,,,,
54201704,1,,0,0,0,0,0,,,,,,,0,0,0,0,0,,,,,,,0,0,0,0,0,,,,,,,0,0,0,0,0,,,,,,,1,0,0,0,0,,,,,,,0,0,0,0,0,,,,,,
54201736,1,,0,0,0,0,0,,,,,,,0,0,0,0,0,,,,,,,0,0,0,0,0,,,,,,,0,0,0,0,0,,,,,,,1,0,0,0,0,,,,,,,0,0,0,0,0,,,,,,
54221858,1,,0,0,1,0,1,,,40,,75,,0,0,0,0,0,,,,,,,0,0,0,0,0,,,,,,,0,0,0,0,0,,,,,,,0,0,0,0,0,,,,,,,0,0,0,0,0,,,,,,
54301678,1,,0,0,0,0,0,,,,,,,0,0,0,0,0,,,,,,,0,0,0,0,0,,,,,,,0,0,0,0,0,,,,,,,1,0,0,0,0,,,,,,,0,0,0,0,0,,,,,,
54301732,1,,0,0,0,0,0,,,,,,,0,0,0,0,0,,,,,,,0,0,0,0,0,,,,,,,0,0,0,0,0,,,,,,,1,0,0,1,0,,,,5,,,0,0,0,0,0,,,,,,
54302142,1,,,,,,,,,,,,,,1,,1,,,40,,,40,,,,,,,,,,,,,,,,,,,,,,,,,,,,,,,,,,,,,,,,,,,,,
54321748,1,,,,,,,,,,,,,,,,,,,,,,,,,,,,,,,,,,,,,,,,,,,,,,1,1,,,,,2,,,,,,,,,,,,,,,
54341736,1,,0,0,0,0,0,,,,,,,0,0,0,0,0,,,,,,,0,0,0,0,0,,,,,,,0,0,0,0,0,,,,,,,0,1,0,0,0,,25,,,,,0,0,0,0,0,,,,,,
54381718,1,,0,0,0,0,0,,,,,,,0,0,0,0,0,,,,,,,0,0,0,0,0,,,,,,,0,1,0,0,0,,100,,,,,0,0,0,0,0,,,,,,,0,0,0,0,0,,,,,,
54381728,1,,0,0,0,0,0,,,,,,,0,0,0,0,0,,,,,,,0,0,0,0,0,,,,,,,0,0,0,0,0,,,,,,,1,0,0,0,0,,,,,,,0,0,0,0,0,,,,,,
54401630,1,,,,,,,,,,,,,,,,,,,,,,,,,,1,,,,,3,,,,,,,,,,,,,,,,,,,,,,,,,,,,,,,,,,,,1
54421730,1,,0,0,0,0,0,,,,,,,0,0,0,0,0,,,,,,,0,0,0,0,0,,,,,,,0,0,0,0,0,,,,,,,0,0,0,1,0,,,,10,,,0,0,0,0,0,,,,,,
54421744,1,,0,0,0,0,0,,,,,,,0,0,0,0,0,,,,,,,0,0,0,0,0,,,,,,,0,1,0,0,0,,20,,,,,0,0,0,0,0,,,,,,,0,0,0,0,0,,,,,,
54421790,1,,,,,,,,,,,,,,,,,,,,,,,,,,,,1,,,,,70,,,,,,,,,,,,,,,,,,,,,,,,,,,,,,,,,,
54422320,1,,,,,,,,,,,,,,,,,,,,,,,,,,,1,,,,,12,,,,,,,,,,,,,,,,,,,,,,,,,,,,,,,,,,,1
54461626,1,,0,0,0,0,0,,,,,,,0,0,0,0,0,,,,,,,0,1,0,0,0,,7,,,,,0,0,0,0,0,,,,,,,0,0,0,0,0,,,,,,,0,0,0,0,0,,,,,,1
54481822,1,,0,1,0,0,0,,450,,,,,0,0,0,0,0,,,,,,,0,0,0,0,0,,,,,,,0,0,0,0,0,,,,,,,0,0,0,0,0,,,,,,,0,0,0,0,0,,,,,,
54502242,1,,,,,,,,,,,,,,,,,,,,,,,,,1,,,,,23,,0,,,,,,,,,,,,,,,,,,,,,,,,,,,,,,,,,,,
54521710,1,,0,0,0,0,0,,,,,,,1,0,0,0,0,,,,,,,0,0,0,0,0,,,,,,,0,0,0,0,0,,,,,,,0,0,0,0,0,,,,,,,0,0,0,0,0,,,,,,3
54521722,1,,0,0,0,0,0,,,,,,,1,1,1,1,1,,1,1,1,1,,0,0,0,0,0,,,,,,,0,0,0,0,0,,,,,,,0,0,0,0,0,,,,,,,0,0,0,0,0,,,,,,3
54522214,1,,,,,,,,,,,,,,,,,,,,,10,,,,,,,,,,,,,,,,,,,,,,,,,,,,,,,,,,,,,,,,,,,,,,
54602550,1,,,,,,,,,,,,,,,,,,,,,,,,,1,,,,,65,,,,,,,,,,,,,,,,,,,,,,,,,,,,,,,,,,,,,
54642318,1,,,,,1,1,,,,5,4,,,,,,,,,,,,,,,,,,,,,,,,,,,,,,,,,,,,,,1,,,,,130,,,,,,,,,,,,,
54722390,1,,1,,,,,,,,,,,,1,1,,,,200,300,,,,,,,,,,,,,,,,,,,,,,,,,,,1,,,,,150,,,,,,,,,,,,,,,2
54761732,1,,0,0,0,0,0,,,,,,,0,0,0,0,0,,,,,,,0,0,0,0,0,,,,,,,0,0,0,0,0,,,,,,,1,0,0,0,0,,,,,,,0,0,0,0,0,,,,,,
54762854,1,,,,,,,,,,,,,,,,,,,,,,,,,,,,,,,,,,,,1,,,,,10,,,,,,,,,,,,,,,,,,,,,,,,,,
54881808,1,,1,,,,,,,,,,,,,,,,,,,,,,,,,,,,,,,,,,,,,,,,,,,,,,,,,,,,,,,,,,,,,,,,,
54902668,1,,,,,,,,,,,,,,,,,1,,,,40,,,,,,,,,,,,,,,,,,,,,,,,,,,,,,,,,,,,,,,,,,,,,,1
54902758,1,,,1,,,,,70,,,,,,,,,,,,,,,,,,,,,,,,,,,,,,,,,,,,,,,,,,,,,,,,,,,,,,,,,,,1
55022704,1,,,,,,,,,,,,,,,,,,,,,,,,,1,1,1,,,15,20,20,,,,,,,,,,,,,,,,,,,,,,,,,,,,,,,,,,,
55081804,1,,,,,,,,,,,,,,,,,,,,,,,,,,,,,,,40,,,,,,,,,,,,,,,,,,,,,,,,,,,,,,,,,,,,
55121774,1,,,,,,,,,,,,,,,,,,,,,,,,1,0,0,0,,,,,,,,,,,,,,,,,,,,,,,,,,,,,,,,,,,,,,,,
55162128,1,,0,0,0,1,1,,,,10,10,,0,0,0,0,0,,,,,,,0,0,0,0,0,,,,,,,0,0,0,0,0,,,,,,,0,0,0,0,0,,,,,,,0,0,0,0,0,,,,,,
55162738,1,,,1,,1,1,,25,,100,300,,,,,,1,,,,70,,,,,,,,,,,,,,,1,,,,,250,,,,,,,,,,,,,,,,,,,,,,,,,,3
55182130,1,,0,0,0,0,0,,,,,,,0,0,0,0,0,,,,,,,0,0,0,0,0,,,,,,,0,0,0,0,0,,,,,,,0,0,0,0,0,,,,,,,1,1,1,1,1,,1,1,1,1,
55202358,1,,,,,,,,,,,,,,,,1,,,,,,250,,,,,,,,,,,,,,,,,0,,,,,,,,,,,1,,,,,150,,,,,,,,,,,,1
55202844,1,,,,0,,,,,,,,,,,,,,,,,,,,,,,,,,,,,,,,,1,,,,,35,,,,,,,,,,,,,,,,,,,,,,,,,
55282676,1,,,,,,,,,,,,,1,1,1,1,1,,0,0,0,0,,,,,,,,,,,,,,,,,,,,,,,,,,,,,,,,,,,,,,,,,,,,,
55282862,1,,,,,,,,,,,,,,,,,,,,,,,,,,,,,,,,,,,,,1,,,,,13,,,,,,,,,,,,,,,,,,,,,,,,,
55342520,1,,,,,,,,,,,,,,,,,,,,,,,,,,,,,,,,,,,,,,,,,,,,,,,,,,,,,,,,,,,,,,,,,,,
55362162,1,,,,,,,,,,,,,,,,,,,,,,,,,,,,,,,,,,,,,,,,,,,,,,,,,,,,,,,,,,,,,,,,,,,
55381768,1,,0,1,0,0,0,,90,,,,,0,0,0,0,0,,,,,,,0,0,0,0,0,,,,,,,0,0,0,0,0,,,,,,,0,0,0,0,0,,,,,,,0,0,0,0,0,,,,,,
55462132,1,,0,0,0,0,0,,,,,,,0,0,0,0,0,,,,,,,0,0,0,0,0,,,,,,,0,0,0,0,0,,,,,,,0,0,0,0,0,,,,,,,0,0,1,0,0,,,15,,,
55482170,1,,,,,,,,,,,,,,,,,,,,,,,,,,1,,,,,17,,,,,,,,,,,,,,,,,,,,,,,,,,,,,,,,,,,,
55582810,1,,,,,,,,,,,,,,,,,,,,,,,,,,,,,,,,,,,,,,1,,,,,5,,,,,,,,,,,,,,,,,,,,,,,,1
55642132,1,,0,0,0,0,0,,,,,,,0,1,1,0,0,,10,10,,,,0,0,0,0,0,,,,,,,0,0,0,0,0,,,,,,,0,0,0,0,0,,,,,,,0,0,0,0,0,,,,,,1
55642150,1,,0,0,0,0,0,,,,,,,0,0,0,0,0,,,,,,,0,0,0,0,0,,,,,,,0,0,0,0,0,,,,,,,0,0,0,0,0,,,,,,,1,1,1,1,1,,1,1,1,1,
55721490,1,,0,0,0,0,0,,,,,,,0,0,0,0,0,,,,,,,0,0,1,0,0,,,50,,,,0,0,0,0,0,,,,,,,0,0,0,0,0,,,,,,,0,0,0,0,0,,,,,,1
55802584,1,,,,,,,,,,,,,,,,,,,,,,,,,,,,,,,,,,,1,1,1,1,1,,1,30,20,6,,,,,,,,,,,,,,,,,,,,,,,3
55942572,1,,,,,,,,,,,,,,,,,,,,,,,,,,,,,,,,,,,,1,,,1,,100,,,250,,,,,,,,,,,,,,,,,,,,,,,2
56142844,1,,,,0,1,1,,,,4,10,,,,,,,,,,,,,,1,1,,,,50,50,,,,,,1,,1,,,60,,10,,,,,,,,,,,,,,,,,,,,,,,3
56162242,1,,,,,,0,,,,,,,,,,,,,,,,,,,,,,,,,,,,,,,,,,,,,,,,,,,,1,,,,,70,,,,,,,,,,,,
56202120,1,,0,0,0,0,0,,,,,,,0,0,0,0,0,,,,,,,0,0,0,0,0,,,,,,,0,0,0,0,0,,,,,,,0,0,0,0,0,,,,,,,1,1,1,1,1,,1,1,1,1,
56202746,1,,,,,,,,,,,,,,,,,,,,,,,,,,,1,1,,,,20,15,,,,,,,,,,,,,,,,,,,,,,,,,,,,,,,,,,1
56282802,1,,,,,,,,,,,,,,,,,,,,,,,,,1,1,1,,,25,80,35,,,,1,1,1,1,,50,15,15,300,,,,,,,,,,,,,,,,,,,,,,,3
56302122,1,,0,0,1,0,1,,,1,,1,,0,0,0,0,0,,,,,,,0,0,0,0,0,,,,,,,0,0,0,0,0,,,,,,,0,0,0,0,0,,,,,,,0,0,0,0,0,,,,,,
56362662,1,,,,,,,,,,,,,,1,,,,,15,,,,,,,,1,,,,,25,,,,1,,,,,10,,,,,,,,,,,,,,,,,,,,,,,,,,2
56362700,1,,,,,,,,,,,,,,,,,,,,,,,,,1,,,,,20,,,,,,,,,,,,,,,,,,,,,,,,,,,,,,,,,,,,,1
56402240,1,,,,,,,,,,,,,,,,,,,,,,,,,,1,,,,,25,,,,,,,,,,,,,,,,,,,,,,,,,,,,,,,,,,,,
56442786,1,,,,,,,,,,,,,,,,,,,,,,,,,,,,,,,,,,,,,,,,,,,,,,,,,,,,,,,,,,,,,,,,,,,
56462592,1,,,,,0,,,,,,,,,,,,1,,,,10,,,,,,,,,,,,,,,,,,,,,,,,,,,,,,,,,,,,,,,,,,,,,,1
56502574,1,,,1,0,,,,10,,,,,,,,,,,,,,,,,,,,,,,,,,,,,,,,,,,,,,,,,,,,,,,,,,1,,,,,10,,,,
56522156,1,,0,0,0,0,0,,,,,,,0,0,0,0,1,,,,350,,,0,0,0,0,0,,,,,,,0,0,0,0,0,,,,,,,0,0,0,0,0,,,,,,,0,0,0,0,0,,,,,,1
56562372,1,,,,,,1,,,,,500,,,,,,,,,,,,,,,,,,,,,,,,,,,,,,,,,,,,,,,,,,,,,,,,,,,,,,,,
56762172,1,,0,0,0,0,0,,,,,,,0,0,0,0,1,,,,5,,,0,0,0,0,0,,,,,,,0,0,0,0,0,,,,,,,0,0,0,0,0,,,,,,,0,0,0,0,0,,,,,,1
56762726,1,,,,,,,,,,,,,,,,,,,,,,,,,,1,1,,,,35,40,,,,,,,,,,,,,,,,,,,,,,,,,,,,,,,,,,,
56782776,1,,,,,,,,,,,,,,,,,,,,,,,,,,,1,1,,,,21,12,,,1,,,,,200,,,,,,,,,,,,,,,,,,,,,,,,,,
56822134,1,,0,0,0,0,0,,,,,,,0,0,0,0,0,,,,,,,0,0,0,0,0,,,,,,,1,1,1,1,1,,1,1,1,1,,0,0,0,0,0,,,,,,,0,0,0,0,0,,,,,,
56842684,1,,,1,1,1,1,,5,3,7,7,,,,,,,,,,,,,,,,,,,,,,,,,,,,,,,,,,,,,,,,,,,,,,,,,,,,,,,,3
56902664,1,,,,,1,,,,,60,,,,,,,,,,,,,,,,,,,,,,,,,,,,,,,,,,,,,,,,,,,,,,,,,,,,,,,,,
57122348,1,,,,,,,,,,,,,,,,,,,,,,,,,1,1,,,,30,30,,,,,,,,,,,,,,,,,,,,,,,,,,,,,,,,,,,,
57181462,1,,,,,,,,,,,,,,,,,,,,,,,,,,1,,,,,60,,,,,0,,,,,,,,,,,,,,,,,,,,,0,,,,,,,,,,
57342364,1,,,,,,,,,,,,,,1,,,,,8,,,,,,,,,,,,,,,,,,,,,,,,,,,,,,,,,,,,,,,,,,,,,,,,
57482360,1,,,,,,,,,,,,,,,,,,,,,,,,,,,1,1,,,,27,17,,,,,,,,,,,,,,,,,,,,,,,,,,,,,,,,,,
57621488,1,,,,,,,,,,,,,,,,,,,,,,,,,,,,,,,,,,,,1,,,0,,30,,,,,,,,,,,,,,,,,,,,,,,,,,
57622520,1,,,,,,,,,,,,,,,,,,,,,,,,,1,1,,1,,35,65,,50,,,,,,,,,,,,,,,,,,,,,,,,,,,,,,,,,,
57662474,1,,0,,,,,,,,,,,1,1,,,1,,50,,50,,,,,,,,,,,,,,,,,,,,,,,,,,,,,,,,,,,,,,,,,,,,,,
63661612,1,,,,,,,,,,,,,,,,,,,,,,,,,,,,,,,,,,,,,1,,,,300,50,30,20,,,,,,,,,,,,,,,,,,,,,,,
63681618,1,,,,,,,,,,,,,,,,,,,,,,,,,,,,,,,,,,,,1,,,,,500,,,,,,,,,,,,,,,,,,,,,,,,,,
63741606,1,,,,,,,,,,,,,,,,,,,,,,,,,,,,,,,,,,,,1,1,1,1,,50,40,50,100,,,,,,,,,,,,,,,,,,,,,,,
63741622,1,,,,,,,,,,,,,,,,,,,,,,,,,,,,,,,,,,,1,,1,1,,,20,15,5,7,,,,,,,,,,,,,,,,,,,,,,,
63881600,1,,,,,,,,,,,,,,,,,,,,,,,,,,,,,,,,,,,0,1,1,1,1,,1,1,1,1,,,,,,,,,,,,,,,,,,,,,,,
63881608,1,,,,,,,,,,,,,,,,,,,,,,,,,,,,,,,,,,,,1,1,1,1,,15,10,6,5,,,,,,,,,,,,,,,,,,,,,,,
63921608,1,,,,,,,,,,,,,,,,,,,,,,,,,,,,,,,,,,,,1,1,1,1,,11,21,80,12,,,,,,,,,,,,,,,,,,,,,,,
63961606,1,,,,,,,,,,,,,,,,,,,,,,,,,,,,,,,,,,,,1,1,1,1,,2,1,3,2,,,,,,,,,,,,,,,,,,,,,,,
63961622,1,,,,,,,,,,,,,,,,,,,,,,,,,,,,,,,,,,,1,1,1,1,1,,1,1,1,1,,,,,,,,,,,,,,,,,,,,,,,
64061656,1,,,,,,,,,,,,,,1,1,,1,,30,30,50,,,,,,,,,,,,,,,,,,,,,,,,,,,,,,,,,,,,,,,,,,,,,,3
64081650,1,,,,,,,,,,,,,,,,,,,,,,,,,,,,,,,,,,,1,,,,,,,,,,,,,,,,,,,,,,,,,,,,,,,,
64101632,1,,,,,,,,,,,,,,,,,,,,,,,,,,,,,,,,,,,,,,,,,,,,,,1,,,,,,,,,,,,,,,,,,,,,
64161652,1,,,,,,,,,,,,,,1,,,,,200,,,,,,,,,,,,,,,,,,,,,,,,,,,,,,,,,,,,,,,,,,,,,,,,3
64241656,1,,,,,,,,,,,,,,,,,,,,,,,,,,,,,,,,,,,,,,,1,,,,,200,,,,,,,,,,,,,,,,,,,,,,,
64261660,1,,,,,,,,,,,,,,,,,,,,,,,,,,,,,,,,,,,,,,,1,,,,,70,,,,,,,,,,,,,,,,,,,,,,,
64301648,1,,,,,,,,,,,,,,,,,,,,,,,,,,,,,,,,,,,,,,,1,,,,,35,,,,,,,,,,,,,,,,,,,,,,,
64461632,1,,,,,,,,,,,,,,,,,,,,,,,,,1,,,,,100,,,,,,,,,,,,,,,,,,,,,,,,,,,,,,,,,,,,,2
64541646,1,,,,,,,,,,,,,,,,,,,,,,,,,,,,,,,,,,,,1,,,,,90,,,,,,,,,,,,,,,,,,,,,,,,,,
64581660,1,,,,,,,,,,,,,,,,,,,,,,,,,,,,,,,,,,,,,,,,,,,,,,,,,,,,,,,,,1,,,,,,,,,,
64621658,1,,,,,,,,,,,,,,,,,,,,,,,,,,,,,,,,,,,,1,,,,,100,,,,,,1,,,,,50,,,,,,,,,,,,,,,
64661656,1,,,,,,,,,,,,,,,,,,,,,,,,,,,,,,,,,,,,,,,,,,,,,,,,,,,,,,,,,1,,,,,,,,,,
